Timestamp sec,Timestamp nanosec,Entry_point x,Entry_point y,Entry_point z,Aurora x,Aurora y,Aurora z,Aurora qw,Aurora qx,Aurora qy,Aurora qz,Tip x,Tip y,Tip z,Tip qw,Tip qx,Tip qy,Tip qz,Base x,Base y,Base z,Base qw,Base qx,Base qy,Base qz,J00,J01,J02,J03,J04,J05,J06,J10,J11,J12,J13,J14,J15,J16,J20,J21,J22,J23,J24,J25,J26,J30,J31,J32,J33,J34,J35,J36,J40,J41,J42,J43,J44,J45,J46,J50,J51,J52,J53,J54,J55,J56,J60,J61,J62,J63,J64,J65,J66,Control_x,Control_z
1648227910,794977955,0,0,0,75.71037292480469,-14.715971946716309,-184.09915161132812,0.7199621796607971,-0.0007736682891845703,-0.6940128803253174,-5.96255631535314e-08,0,0,0,0,0,0,0,0,0,0,0,0,0,0,0,0,0,0,0,0,0,0,0,0,0,0,0,0,0,0,0,0,0,0,0,0,0,0,0,0,0,0,0,0,0,0,0,0,0,0,0,0,0,0,0,0,0,0,0,0,0,0,0,0,0
1648227911,294944642,0,0,0,75.64204406738281,-14.66491985321045,-184.0883026123047,0.7201324701309204,-0.0005576015100814402,-0.6938363909721375,-5.961145888022656e-08,-55.10114610385321,-5.036056549851423,40.06125242448442,0.003192796874524062,0.038095871397701875,-0.7009032924736678,-0.7122310889619992,0,0,0,0,0,0,0,0,0,0,0,0,0,0,0,0,0,0,0,0,0,0,0,0,0,0,0,0,0,0,0,0,0,0,0,0,0,0,0,0,0,0,0,0,0,0,0,0,0,0,0,0,0,0,0,0,0,0
1648227911,795116931,0,0,0,75.69468688964844,-14.70097827911377,-184.09295654296875,0.7200154066085815,-0.0007169843302108347,-0.6939576864242554,-5.958073145961862e-08,-55.10114610385321,-5.036056549851423,40.06125242448442,0.003192796874524062,0.038095871397701875,-0.7009032924736678,-0.7122310889619992,0,0,0,0,0,0,0,0,0,0,0,0,0,0,0,0,0,0,0,0,0,0,0,0,0,0,0,0,0,0,0,0,0,0,0,0,0,0,0,0,0,0,0,0,0,0,0,0,0,0,0,0,0,0,0,0,0,0
1648227912,294972522,0,0,0,75.65161895751953,-14.681334495544434,-184.0811004638672,0.7201043367385864,-0.000609874667134136,-0.6938654780387878,0.0,-54.99757784939723,-5.126257387603005,40.00764667478459,0.00306888400916,0.037813478224778596,-0.7008291924437938,-0.7123195328918881,0,0,0,0,0,0,0,0,0,0,0,0,0,0,0,0,0,0,0,0,0,0,0,0,0,0,0,0,0,0,0,0,0,0,0,0,0,0,0,0,0,0,0,0,0,0,0,0,0,0,0,0,0,0,0,0,0,0
1648227912,794960541,0,0,0,75.60682678222656,-14.675737380981445,-184.11489868164062,0.7201811075210571,-0.0006486773490905762,-0.6937857866287231,0.0,-54.99757784939723,-5.126257387603005,40.00764667478459,0.00306888400916,0.037813478224778596,-0.7008291924437938,-0.7123195328918881,0,0,0,0,0,0,0,0,0,0,0,0,0,0,0,0,0,0,0,0,0,0,0,0,0,0,0,0,0,0,0,0,0,0,0,0,0,0,0,0,0,0,0,0,0,0,0,0,0,0,0,0,0,0,0,0,0,0
1648227913,294956731,0,0,0,75.60714721679688,-14.650323867797852,-184.05538940429688,0.7201920747756958,-0.0005609989166259766,-0.6937744617462158,0.0,-55.00220178042963,-5.044713825661901,40.0660607772044,0.00316583633749562,0.03806850557112035,-0.7009034281906478,-0.7122325963578323,0,0,0,0,0,0,0,0,0,0,0,0,0,0,0,0,0,0,0,0,0,0,0,0,0,0,0,0,0,0,0,0,0,0,0,0,0,0,0,0,0,0,0,0,0,0,0,0,0,0,0,0,0,0,0,0,0,0
1648227913,794958452,0,0,0,75.659423828125,-14.760483741760254,-184.12693786621094,0.7200631499290466,-0.0009303690167143941,-0.6939079165458679,-5.957678439472147e-08,-55.00220178042963,-5.044713825661901,40.0660607772044,0.00316583633749562,0.03806850557112035,-0.7009034281906478,-0.7122325963578323,0,0,0,0,0,0,0,0,0,0,0,0,0,0,0,0,0,0,0,0,0,0,0,0,0,0,0,0,0,0,0,0,0,0,0,0,0,0,0,0,0,0,0,0,0,0,0,0,0,0,0,0,0,0,0,0,0,0
1648227914,294974424,0,0,0,75.63694763183594,-14.690982818603516,-183.99066162109375,0.7201189398765564,-0.0007124543190002441,-0.6938502192497253,5.961258153774907e-08,-54.979151369754646,-5.095068802170275,40.00919516677611,0.0031261441848726146,0.03787160402460682,-0.7008289996593382,-0.7123164283247145,0,0,0,0,0,0,0,0,0,0,0,0,0,0,0,0,0,0,0,0,0,0,0,0,0,0,0,0,0,0,0,0,0,0,0,0,0,0,0,0,0,0,0,0,0,0,0,0,0,0,0,0,0,0,0,0,0,0
1648227914,794948351,-54.979151369754646,-5.095068802170275,40.00919516677611,75.7550277709961,-14.743802070617676,-184.1925811767578,0.7199037671089172,-0.0008419156074523926,-0.6940733790397644,0.0,-55.046698540352196,-5.135569812739789,40.04313342809115,0.0029553585535794236,0.037883065107442604,-0.7009176518834771,-0.7122293756036436,0,0,0,0,0,0,0,0,0,0,0,0,0,0,0,0,0,0,0,0,0,0,0,0,0,0,0,0,0,0,0,0,0,0,0,0,0,0,0,0,0,0,0,0,0,0,0,0,0,0,0,0,0,0,0,0,0,0
1648227915,294960104,-54.979151369754646,-5.095068802170275,40.00919516677611,75.6585922241211,-14.717342376708984,-184.16746520996094,0.7200775146484375,-0.0008451937464997172,-0.6938930749893188,0.0,-54.998528230835035,-5.100608330186219,40.05363056062752,0.0030307581979138742,0.037978895447616234,-0.700926491486304,-0.7122151292385995,0,0,0,0,0,0,0,0,0,0,0,0,0,0,0,0,0,0,0,0,0,0,0,0,0,0,0,0,0,0,0,0,0,0,0,0,0,0,0,0,0,0,0,0,0,0,0,0,0,0,0,0,0,0,0,0,0,0
1648227915,795015341,-54.979151369754646,-5.095068802170275,40.00919516677611,75.60889434814453,-14.713558197021484,-184.04833984375,0.7201744914054871,-0.0007945895777083933,-0.6937925219535828,0.0,-55.03017562697033,-5.0296248132356425,40.07674639967367,0.0032010611570415515,0.03812355741724632,-0.7009124752792528,-0.7122206015447202,0,0,0,0,0,0,0,0,0,0,0,0,0,0,0,0,0,0,0,0,0,0,0,0,0,0,0,0,0,0,0,0,0,0,0,0,0,0,0,0,0,0,0,0,0,0,0,0,0,0,0,0,0,0,0,0,0,0
1648227916,294953004,-54.979151369754646,-5.095068802170275,40.00919516677611,75.72647094726562,-14.769952774047852,-184.1429901123047,0.7199620604515076,-0.0009462236776016653,-0.6940127015113831,-5.958514748272137e-08,-55.05019661500768,-5.073406746431033,40.08045670060425,0.003138408486074773,0.038074578040265705,-0.7009195913254034,-0.7122163136727331,0,0,0,0,0,0,0,0,0,0,0,0,0,0,0,0,0,0,0,0,0,0,0,0,0,0,0,0,0,0,0,0,0,0,0,0,0,0,0,0,0,0,0,0,0,0,0,0,0,0,0,0,0,0,0,0,0,0
1648227916,794952041,-54.979151369754646,-5.095068802170275,40.00919516677611,75.6163558959961,-14.715444564819336,-183.97592163085938,0.7201337814331055,-0.0008023381233215332,-0.6938347816467285,0.0,-55.05440384111728,-5.10004519327228,40.06385111188196,0.0030706676798438193,0.037945264940407175,-0.7008911514701185,-0.7122517355614153,0,0,0,0,0,0,0,0,0,0,0,0,0,0,0,0,0,0,0,0,0,0,0,0,0,0,0,0,0,0,0,0,0,0,0,0,0,0,0,0,0,0,0,0,0,0,0,0,0,0,0,0,0,0,0,0,0,0
1648227917,294955521,-54.979151369754646,-5.095068802170275,40.00919516677611,75.69747924804688,-14.69485855102539,-184.13067626953125,0.7200117111206055,-0.0007160305394791067,-0.6939615607261658,0.0,-55.03001693129997,-5.11573539011313,40.058485502365656,0.0030120019391035036,0.03789693700716007,-0.7008966784066699,-0.7122490464069574,0,0,0,0,0,0,0,0,0,0,0,0,0,0,0,0,0,0,0,0,0,0,0,0,0,0,0,0,0,0,0,0,0,0,0,0,0,0,0,0,0,0,0,0,0,0,0,0,0,0,0,0,0,0,0,0,0,0
1648227917,795029532,-54.979151369754646,-5.095068802170275,40.00919516677611,75.612060546875,-14.697351455688477,-184.039306640625,0.7201881408691406,-0.0007408857927657664,-0.693778395652771,0.0,-55.029665712665235,-5.108719149659862,40.045911273898874,0.003060557309281342,0.03792801894562414,-0.7008877668840118,-0.7122558251502185,0,0,0,0,0,0,0,0,0,0,0,0,0,0,0,0,0,0,0,0,0,0,0,0,0,0,0,0,0,0,0,0,0,0,0,0,0,0,0,0,0,0,0,0,0,0,0,0,0,0,0,0,0,0,0,0,0,0
1648227918,294956774,-54.979151369754646,-5.095068802170275,40.00919516677611,75.63290405273438,-14.718087196350098,-184.03709411621094,0.7200924158096313,-0.000855088175740093,-0.693877637386322,-5.961477711480256e-08,-55.05871186855154,-5.049124056010527,40.06330686621122,0.003182198866090502,0.03802225222070249,-0.7008734218378115,-0.7122644722753226,0,0,0,0,0,0,0,0,0,0,0,0,0,0,0,0,0,0,0,0,0,0,0,0,0,0,0,0,0,0,0,0,0,0,0,0,0,0,0,0,0,0,0,0,0,0,0,0,0,0,0,0,0,0,0,0,0,0
1648227918,794942318,-54.979151369754646,-5.095068802170275,40.00919516677611,75.60334777832031,-14.659302711486816,-183.98245239257812,0.7201874256134033,-0.0006988047389313579,-0.6937792301177979,5.96069114067177e-08,-55.06956422241163,-5.043347302141427,40.07555457743375,0.0031694134444587574,0.038031053357150346,-0.7008837675812329,-0.7122537349045355,0,0,0,0,0,0,0,0,0,0,0,0,0,0,0,0,0,0,0,0,0,0,0,0,0,0,0,0,0,0,0,0,0,0,0,0,0,0,0,0,0,0,0,0,0,0,0,0,0,0,0,0,0,0,0,0,0,0
1648227919,295042288,-54.979151369754646,-5.095068802170275,40.00919516677611,75.62239837646484,-14.712740898132324,-184.1426544189453,0.7197394371032715,0.0001480579376220703,-0.6942442655563354,0.0,-54.97129726306903,-5.956122012919593,40.5497295623194,0.0024005425628595978,0.03793245953583657,-0.7012110841318494,-0.7119398536418781,0,0,0,0,0,0,0,0,0,0,0,0,0,0,0,0,0,0,0,0,0,0,0,0,0,0,0,0,0,0,0,0,0,0,0,0,0,0,0,0,0,0,0,0,0,0,0,0,0,0,0,0,0,0,0,0,0,0
1648227919,794899065,-54.979151369754646,-5.095068802170275,40.00919516677611,75.57376861572266,-14.69480037689209,-184.05653381347656,0.7195563912391663,0.0008110404014587402,-0.6944335103034973,5.96187419432681e-08,-55.03744837554592,-4.989495754564032,40.070611452192345,0.001984425306027604,0.03817457799849172,-0.7015285500494028,-0.7116154904567438,0,0,0,0,0,0,0,0,0,0,0,0,0,0,0,0,0,0,0,0,0,0,0,0,0,0,0,0,0,0,0,0,0,0,0,0,0,0,0,0,0,0,0,0,0,0,0,0,0,0,0,0,0,0,0,0,0,0
1648227920,294945983,-54.979151369754646,-5.095068802170275,40.00919516677611,75.40953063964844,-14.72317886352539,-184.1156768798828,0.7192687392234802,0.0017495752545073628,-0.694729745388031,0.0,-55.03714808005205,-4.888764077448641,40.077719724203355,0.0008384263292197103,0.038397569839571155,-0.7021903106574467,-0.7109523191900944,0,0,0,0,0,0,0,0,0,0,0,0,0,0,0,0,0,0,0,0,0,0,0,0,0,0,0,0,0,0,0,0,0,0,0,0,0,0,0,0,0,0,0,0,0,0,0,0,0,0,0,0,0,0,0,0,0,0
1648227920,794916472,-54.979151369754646,-5.095068802170275,40.00919516677611,69.14491271972656,-14.58175277709961,-185.76071166992188,0.7154704928398132,0.012012302875518799,-0.6985397338867188,0.0,-53.47554008308978,0.8148440267858916,40.25362809848609,-0.007326959503667019,0.03938697864298185,-0.7065757139938577,-0.7064924506518795,0,0,0,0,0,0,0,0,0,0,0,0,0,0,0,0,0,0,0,0,0,0,0,0,0,0,0,0,0,0,0,0,0,0,0,0,0,0,0,0,0,0,0,0,0,0,0,0,0,0,0,0,0,0,0,0,0,0
1648227921,294901509,-54.979151369754646,-5.095068802170275,40.00919516677611,66.8955307006836,-14.399950981140137,-186.15948486328125,0.7132539749145508,0.013072787784039974,-0.7007837295532227,-5.9411060959746465e-08,-53.25298411280332,3.0931989768461037,40.492355890916386,-0.009936916635326809,0.03796215185054136,-0.7071427964786002,-0.7059688677882328,0,0,0,0,0,0,0,0,0,0,0,0,0,0,0,0,0,0,0,0,0,0,0,0,0,0,0,0,0,0,0,0,0,0,0,0,0,0,0,0,0,0,0,0,0,0,0,0,0,0,0,0,0,0,0,0,0,0
1648227921,794944602,-54.979151369754646,-5.095068802170275,40.00919516677611,67.15908813476562,-14.369926452636719,-185.97567749023438,0.7140668630599976,0.012600898742675781,-0.6999641060829163,5.99955569668964e-08,-53.392330542012445,3.2136600086629983,40.68139873186008,-0.010583151334386254,0.037979374576262104,-0.7074610259068522,-0.7056480091221565,0,0,0,0,0,0,0,0,0,0,0,0,0,0,0,0,0,0,0,0,0,0,0,0,0,0,0,0,0,0,0,0,0,0,0,0,0,0,0,0,0,0,0,0,0,0,0,0,0,0,0,0,0,0,0,0,0,0
1648227922,294902000,-54.979151369754646,-5.095068802170275,40.00919516677611,67.08468627929688,-14.293501853942871,-186.018798828125,0.7134943008422852,0.01275950763374567,-0.7005448937416077,0.0,-53.34327616957975,3.566600552448719,40.70072351148015,-0.01053496410116328,0.037874324279065175,-0.7073916398681247,-0.705730053416681,0,0,0,0,0,0,0,0,0,0,0,0,0,0,0,0,0,0,0,0,0,0,0,0,0,0,0,0,0,0,0,0,0,0,0,0,0,0,0,0,0,0,0,0,0,0,0,0,0,0,0,0,0,0,0,0,0,0
1648227922,794880006,-54.979151369754646,-5.095068802170275,40.00919516677611,66.92372131347656,-14.356468200683594,-186.00164794921875,0.713699996471405,0.01283800508826971,-0.700333833694458,0.0,-53.338559856404686,3.5002019210599187,40.657634826785966,-0.010560739436602185,0.03791431723099625,-0.7074224458602703,-0.7056961146886918,0,0,0,0,0,0,0,0,0,0,0,0,0,0,0,0,0,0,0,0,0,0,0,0,0,0,0,0,0,0,0,0,0,0,0,0,0,0,0,0,0,0,0,0,0,0,0,0,0,0,0,0,0,0,0,0,0,0
1648227923,294828745,-54.979151369754646,-5.095068802170275,40.00919516677611,61.56523895263672,-14.254899978637695,-186.6409454345703,0.7073870897293091,0.015372454188764095,-0.706659197807312,0.0,-53.18750176831165,7.718629613330528,40.95249193380661,-0.014959568398080936,0.03508123475293573,-0.708172692108264,-0.7050388140614158,0,0,0,0,0,0,0,0,0,0,0,0,0,0,0,0,0,0,0,0,0,0,0,0,0,0,0,0,0,0,0,0,0,0,0,0,0,0,0,0,0,0,0,0,0,0,0,0,0,0,0,0,0,0,0,0,0,0
1648227923,795063103,-54.979151369754646,-5.095068802170275,40.00919516677611,59.05754089355469,-13.995939254760742,-186.3376922607422,0.7046315670013428,0.01808774657547474,-0.7093427777290344,0.0,-53.04520634765433,11.498297484707173,41.11461205316666,-0.022119922223404864,0.03131500307298363,-0.7097136839695127,-0.7034395868604164,0,0,0,0,0,0,0,0,0,0,0,0,0,0,0,0,0,0,0,0,0,0,0,0,0,0,0,0,0,0,0,0,0,0,0,0,0,0,0,0,0,0,0,0,0,0,0,0,0,0,0,0,0,0,0,0,0,0
1648227924,294945126,-54.979151369754646,-5.095068802170275,40.00919516677611,58.93409729003906,-13.939420700073242,-186.3379364013672,0.7053273320198059,0.01801973581314087,-0.708652675151825,0.0,-53.19381372266477,11.663701525306251,41.13601646874956,-0.021611817844757908,0.032283773989260967,-0.7099432898727142,-0.7031924896750206,0,0,0,0,0,0,0,0,0,0,0,0,0,0,0,0,0,0,0,0,0,0,0,0,0,0,0,0,0,0,0,0,0,0,0,0,0,0,0,0,0,0,0,0,0,0,0,0,0,0,0,0,0,0,0,0,0,0
1648227924,794855189,-54.979151369754646,-5.095068802170275,40.00919516677611,58.94575881958008,-13.978165626525879,-186.30381774902344,0.7055267095565796,0.01741558313369751,-0.7084693312644958,0.0,-53.188206330950976,11.620208557002684,41.15262277955841,-0.020914744256443463,0.032237960481380445,-0.7095964270955203,-0.7035627970358789,0,0,0,0,0,0,0,0,0,0,0,0,0,0,0,0,0,0,0,0,0,0,0,0,0,0,0,0,0,0,0,0,0,0,0,0,0,0,0,0,0,0,0,0,0,0,0,0,0,0,0,0,0,0,0,0,0,0
1648227925,294905027,-54.979151369754646,-5.095068802170275,40.00919516677611,54.40030288696289,-14.23667049407959,-187.3243408203125,0.7023597955703735,0.018413962796330452,-0.7115839123725891,0.0,-52.783664844316235,12.30224831868427,41.0084932271762,-0.02125208842692833,0.0317267729525621,-0.7095113833657354,-0.7036628609071985,0,0,0,0,0,0,0,0,0,0,0,0,0,0,0,0,0,0,0,0,0,0,0,0,0,0,0,0,0,0,0,0,0,0,0,0,0,0,0,0,0,0,0,0,0,0,0,0,0,0,0,0,0,0,0,0,0,0
1648227925,794833147,-54.979151369754646,-5.095068802170275,40.00919516677611,48.758148193359375,-14.15925121307373,-187.1757049560547,0.6997841596603394,0.020262183621525764,-0.7140669226646423,0.0,-52.34635869591742,21.365771955054242,41.125495568279035,-0.02807313203620132,0.02766376592503167,-0.7107279007842716,-0.7023603959259824,0,0,0,0,0,0,0,0,0,0,0,0,0,0,0,0,0,0,0,0,0,0,0,0,0,0,0,0,0,0,0,0,0,0,0,0,0,0,0,0,0,0,0,0,0,0,0,0,0,0,0,0,0,0,0,0,0,0
1648227926,294937688,-54.979151369754646,-5.095068802170275,40.00919516677611,48.75056076049805,-14.14618968963623,-187.09848022460938,0.7005639672279358,0.020444096997380257,-0.7132967114448547,0.0,-52.55794026222196,21.868889740434675,41.18339393766201,-0.027454345497929022,0.028662764309807742,-0.7109174025431567,-0.7021494589222999,0,0,0,0,0,0,0,0,0,0,0,0,0,0,0,0,0,0,0,0,0,0,0,0,0,0,0,0,0,0,0,0,0,0,0,0,0,0,0,0,0,0,0,0,0,0,0,0,0,0,0,0,0,0,0,0,0,0
1648227926,794913664,-54.979151369754646,-5.095068802170275,40.00919516677611,48.77138900756836,-14.112853050231934,-187.15733337402344,0.7007164359092712,0.02000725083053112,-0.7131593227386475,5.980952266781969e-08,-52.61236657425789,21.845531676987385,41.21589171288406,-0.027085881309575677,0.02879233188238267,-0.7108161259321367,-0.702274444462729,0,0,0,0,0,0,0,0,0,0,0,0,0,0,0,0,0,0,0,0,0,0,0,0,0,0,0,0,0,0,0,0,0,0,0,0,0,0,0,0,0,0,0,0,0,0,0,0,0,0,0,0,0,0,0,0,0,0
1648227927,294959243,-54.979151369754646,-5.095068802170275,40.00919516677611,43.72189712524414,-14.413415908813477,-188.01712036132812,0.697545051574707,0.02123737335205078,-0.7162261009216309,0.0,-52.031748646938894,23.529566593637256,41.090182813596414,-0.028161817506033027,0.02759355045844586,-0.7107358351790577,-0.7023529544730507,0,0,0,0,0,0,0,0,0,0,0,0,0,0,0,0,0,0,0,0,0,0,0,0,0,0,0,0,0,0,0,0,0,0,0,0,0,0,0,0,0,0,0,0,0,0,0,0,0,0,0,0,0,0,0,0,0,0
1648227927,794933646,-54.979151369754646,-5.095068802170275,40.00919516677611,38.12266159057617,-14.49325942993164,-188.18482971191406,0.6954541206359863,0.023044763132929802,-0.7182008624076843,0.0,-51.61042337257538,30.933216785001704,41.03228058063535,-0.033224640247546344,0.024839020362117104,-0.7117393331741588,-0.7012245983821558,0,0,0,0,0,0,0,0,0,0,0,0,0,0,0,0,0,0,0,0,0,0,0,0,0,0,0,0,0,0,0,0,0,0,0,0,0,0,0,0,0,0,0,0,0,0,0,0,0,0,0,0,0,0,0,0,0,0
1648227928,294931152,-54.979151369754646,-5.095068802170275,40.00919516677611,38.13644790649414,-14.4890718460083,-188.08326721191406,0.6964917182922363,0.02324647083878517,-0.7171881794929504,0.0,-51.85167395655017,32.48962990093783,41.06024019427284,-0.033008797172466964,0.025898623606941507,-0.7121431454551569,-0.700779204381637,0,0,0,0,0,0,0,0,0,0,0,0,0,0,0,0,0,0,0,0,0,0,0,0,0,0,0,0,0,0,0,0,0,0,0,0,0,0,0,0,0,0,0,0,0,0,0,0,0,0,0,0,0,0,0,0,0,0
1648227928,795100406,-54.979151369754646,-5.095068802170275,40.00919516677611,38.13599395751953,-14.493577003479004,-188.1127166748047,0.6966199278831482,0.023009715601801872,-0.7170712947845459,5.8824319637551525e-08,-51.82162959276647,32.499206360654526,41.04234263163733,-0.032510545621107445,0.026121946504788607,-0.7120232272499434,-0.7009168455787638,0,0,0,0,0,0,0,0,0,0,0,0,0,0,0,0,0,0,0,0,0,0,0,0,0,0,0,0,0,0,0,0,0,0,0,0,0,0,0,0,0,0,0,0,0,0,0,0,0,0,0,0,0,0,0,0,0,0
1648227929,294894024,-54.979151369754646,-5.095068802170275,40.00919516677611,31.897811889648438,-15.003597259521484,-189.50091552734375,0.6916664242744446,0.025271296501159668,-0.7217748165130615,0.0,-51.235415560233776,33.77560688334062,40.906263507539165,-0.03381448552241051,0.024755041890568374,-0.7119653067572059,-0.7009655635587329,0,0,0,0,0,0,0,0,0,0,0,0,0,0,0,0,0,0,0,0,0,0,0,0,0,0,0,0,0,0,0,0,0,0,0,0,0,0,0,0,0,0,0,0,0,0,0,0,0,0,0,0,0,0,0,0,0,0
1648227929,794909345,-54.979151369754646,-5.095068802170275,40.00919516677611,27.29388999938965,-14.93930435180664,-188.0438995361328,0.6907914876937866,0.027359426021575928,-0.7225362658500671,0.0,-51.98590683446841,43.013798009072616,40.76655242983578,-0.040527037784236886,0.022346879295925548,-0.7138440809082106,-0.6987738249260733,0,0,0,0,0,0,0,0,0,0,0,0,0,0,0,0,0,0,0,0,0,0,0,0,0,0,0,0,0,0,0,0,0,0,0,0,0,0,0,0,0,0,0,0,0,0,0,0,0,0,0,0,0,0,0,0,0,0
1648227930,295172454,-54.979151369754646,-5.095068802170275,40.00919516677611,27.30818748474121,-14.860069274902344,-188.10020446777344,0.6914116740226746,0.02727561816573143,-0.7219459414482117,0.0,-52.06710126562294,43.348293565735304,40.82357112953619,-0.03977991132385583,0.02305680727261561,-0.7138474309607944,-0.6987895189875073,0,0,0,0,0,0,0,0,0,0,0,0,0,0,0,0,0,0,0,0,0,0,0,0,0,0,0,0,0,0,0,0,0,0,0,0,0,0,0,0,0,0,0,0,0,0,0,0,0,0,0,0,0,0,0,0,0,0
1648227930,794897459,-54.979151369754646,-5.095068802170275,40.00919516677611,27.256921768188477,-14.899699211120605,-188.1696014404297,0.6916928887367249,0.02700066938996315,-0.721686840057373,0.0,-51.96898556987449,43.38298739368744,40.81313015622721,-0.03935025664784503,0.02318525103976149,-0.7137156245073348,-0.6989439395055839,0,0,0,0,0,0,0,0,0,0,0,0,0,0,0,0,0,0,0,0,0,0,0,0,0,0,0,0,0,0,0,0,0,0,0,0,0,0,0,0,0,0,0,0,0,0,0,0,0,0,0,0,0,0,0,0,0,0
1648227931,294907865,-54.979151369754646,-5.095068802170275,40.00919516677611,26.571455001831055,-14.89765453338623,-187.5966796875,0.691167950630188,0.027207139879465103,-0.7221818566322327,0.0,-52.26136325415189,43.693967013498145,40.80746911462243,-0.039673304271526655,0.022819972168894753,-0.7136878130354783,-0.698969063995585,0,0,0,0,0,0,0,0,0,0,0,0,0,0,0,0,0,0,0,0,0,0,0,0,0,0,0,0,0,0,0,0,0,0,0,0,0,0,0,0,0,0,0,0,0,0,0,0,0,0,0,0,0,0,0,0,0,0
1648227931,794906609,-54.979151369754646,-5.095068802170275,40.00919516677611,25.123231887817383,-15.424944877624512,-193.63970947265625,0.6923665404319763,0.025560198351740837,-0.7210931181907654,0.0,-52.57869859924148,44.134279672192065,40.82264837215181,-0.03976148362161597,0.022828803003594522,-0.7137311385803012,-0.698918504608175,0,0,0,0,0,0,0,0,0,0,0,0,0,0,0,0,0,0,0,0,0,0,0,0,0,0,0,0,0,0,0,0,0,0,0,0,0,0,0,0,0,0,0,0,0,0,0,0,0,0,0,0,0,0,0,0,0,0
1648227932,294887404,-54.979151369754646,-5.095068802170275,40.00919516677611,17.512821197509766,-15.552641868591309,-191.3282470703125,0.6879120469093323,0.029380260035395622,-0.7251991629600525,0.0,-48.82810804179792,51.05521525858139,40.49357415727463,-0.04318768840959297,0.021044686242170763,-0.7144164310840412,-0.6980791433648537,0,0,0,0,0,0,0,0,0,0,0,0,0,0,0,0,0,0,0,0,0,0,0,0,0,0,0,0,0,0,0,0,0,0,0,0,0,0,0,0,0,0,0,0,0,0,0,0,0,0,0,0,0,0,0,0,0,0
1648227932,794899276,-54.979151369754646,-5.095068802170275,40.00919516677611,15.768497467041016,-15.565680503845215,-191.0270233154297,0.6877038478851318,0.029560744762420654,-0.7253892421722412,0.0,-49.25699489218857,54.86749721323145,40.48025335756956,-0.04466652332131982,0.020377306457478372,-0.7147526506146327,-0.6976542641762806,0,0,0,0,0,0,0,0,0,0,0,0,0,0,0,0,0,0,0,0,0,0,0,0,0,0,0,0,0,0,0,0,0,0,0,0,0,0,0,0,0,0,0,0,0,0,0,0,0,0,0,0,0,0,0,0,0,0
1648227933,294931197,-54.979151369754646,-5.095068802170275,40.00919516677611,15.730405807495117,-15.507538795471191,-191.0168914794922,0.6882210969924927,0.029300155118107796,-0.7249090671539307,0.0,-49.34914367147269,54.94913130825626,40.494507337954175,-0.044020373289716475,0.02093280430253064,-0.7147295357453868,-0.6977002928087115,0,0,0,0,0,0,0,0,0,0,0,0,0,0,0,0,0,0,0,0,0,0,0,0,0,0,0,0,0,0,0,0,0,0,0,0,0,0,0,0,0,0,0,0,0,0,0,0,0,0,0,0,0,0,0,0,0,0
1648227933,794930529,-54.979151369754646,-5.095068802170275,40.00919516677611,13.713102340698242,-15.772854804992676,-191.90203857421875,0.6864368319511414,0.029862044379115105,-0.7265760898590088,0.0,-49.11143293178904,55.173509783196636,40.4698331474995,-0.04397248604456355,0.02069355796039729,-0.7145946129040945,-0.6978502719573028,0,0,0,0,0,0,0,0,0,0,0,0,0,0,0,0,0,0,0,0,0,0,0,0,0,0,0,0,0,0,0,0,0,0,0,0,0,0,0,0,0,0,0,0,0,0,0,0,0,0,0,0,0,0,0,0,0,0
1648227934,294891856,-54.979151369754646,-5.095068802170275,40.00919516677611,5.242277145385742,-16.10699462890625,-192.7321319580078,0.6831663846969604,0.03220910206437111,-0.7295520901679993,0.0,-48.10894899626257,61.892001536469294,40.25629801668415,-0.0482871203248168,0.018242028841288394,-0.7153347181438321,-0.6968729608883104,0,0,0,0,0,0,0,0,0,0,0,0,0,0,0,0,0,0,0,0,0,0,0,0,0,0,0,0,0,0,0,0,0,0,0,0,0,0,0,0,0,0,0,0,0,0,0,0,0,0,0,0,0,0,0,0,0,0
1648227934,794931945,-54.979151369754646,-5.095068802170275,40.00919516677611,3.562417984008789,-16.112483978271484,-191.98348999023438,0.6838546395301819,0.032289568334817886,-0.7289034724235535,0.0,-48.57661533369614,67.20019914666922,40.20665451950189,-0.04995637751915316,0.01801073675482806,-0.7159602890980817,-0.6961184639472616,0,0,0,0,0,0,0,0,0,0,0,0,0,0,0,0,0,0,0,0,0,0,0,0,0,0,0,0,0,0,0,0,0,0,0,0,0,0,0,0,0,0,0,0,0,0,0,0,0,0,0,0,0,0,0,0,0,0
1648227935,294935861,-54.979151369754646,-5.095068802170275,40.00919516677611,3.6203975677490234,-16.02246856689453,-191.96617126464844,0.6842057704925537,0.03184008598327637,-0.728593647480011,0.0,-48.631904049563786,67.14154618029174,40.201250473301336,-0.049059645221515014,0.0183761431015374,-0.7157411990570541,-0.696400308433125,0,0,0,0,0,0,0,0,0,0,0,0,0,0,0,0,0,0,0,0,0,0,0,0,0,0,0,0,0,0,0,0,0,0,0,0,0,0,0,0,0,0,0,0,0,0,0,0,0,0,0,0,0,0,0,0,0,0
1648227935,794923248,-54.979151369754646,-5.095068802170275,40.00919516677611,2.0949597358703613,-16.24271011352539,-192.9631805419922,0.6831119656562805,0.03222590684890747,-0.7296023368835449,0.0,-48.43091463922289,67.22934921391595,40.18849591155969,-0.048887540469988,0.018311525025260622,-0.7156345410889837,-0.6965241936656001,0,0,0,0,0,0,0,0,0,0,0,0,0,0,0,0,0,0,0,0,0,0,0,0,0,0,0,0,0,0,0,0,0,0,0,0,0,0,0,0,0,0,0,0,0,0,0,0,0,0,0,0,0,0,0,0,0,0
1648227936,294894468,-54.979151369754646,-5.095068802170275,40.00919516677611,-7.8541107177734375,-16.719715118408203,-193.8368682861328,0.6779704093933105,0.03723108395934105,-0.7341457009315491,0.0,-46.91871501364213,75.29482269439904,39.84517637088447,-0.0554927111795957,0.01557653170951162,-0.7172182796289951,-0.6944608791794318,0,0,0,0,0,0,0,0,0,0,0,0,0,0,0,0,0,0,0,0,0,0,0,0,0,0,0,0,0,0,0,0,0,0,0,0,0,0,0,0,0,0,0,0,0,0,0,0,0,0,0,0,0,0,0,0,0,0
1648227936,794902491,-54.979151369754646,-5.095068802170275,40.00919516677611,-10.098100662231445,-16.8328857421875,-193.25460815429688,0.6784799098968506,0.03772783279418945,-0.7336495518684387,-6.039706335059236e-08,-47.55988469396942,80.82325224249892,39.713551040842454,-0.057607035710965815,0.01564773213161913,-0.7181720337026485,-0.6933024859470308,0,0,0,0,0,0,0,0,0,0,0,0,0,0,0,0,0,0,0,0,0,0,0,0,0,0,0,0,0,0,0,0,0,0,0,0,0,0,0,0,0,0,0,0,0,0,0,0,0,0,0,0,0,0,0,0,0,0
1648227937,295248841,-54.979151369754646,-5.095068802170275,40.00919516677611,-10.07243537902832,-16.79860496520996,-193.17092895507812,0.6787513494491577,0.0373227633535862,-0.7334190607070923,-6.037290489757652e-08,-47.67267572091666,80.8124306481694,39.73464897923619,-0.057089489443016006,0.015728218072960154,-0.717986550635261,-0.6935364233498889,0,0,0,0,0,0,0,0,0,0,0,0,0,0,0,0,0,0,0,0,0,0,0,0,0,0,0,0,0,0,0,0,0,0,0,0,0,0,0,0,0,0,0,0,0,0,0,0,0,0,0,0,0,0,0,0,0,0
1648227937,794925467,-54.979151369754646,-5.095068802170275,40.00919516677611,-12.038187026977539,-16.96933364868164,-194.29403686523438,0.6774202585220337,0.03828787803649902,-0.7345991134643555,0.0,-47.437325819385535,81.08924777948494,39.76025176000092,-0.05683279852206552,0.01581329833272177,-0.7179194777660843,-0.6936325493740835,0,0,0,0,0,0,0,0,0,0,0,0,0,0,0,0,0,0,0,0,0,0,0,0,0,0,0,0,0,0,0,0,0,0,0,0,0,0,0,0,0,0,0,0,0,0,0,0,0,0,0,0,0,0,0,0,0,0
1648227938,294908398,-54.979151369754646,-5.095068802170275,40.00919516677611,-21.937984466552734,-17.57793617248535,-194.74241638183594,0.6738190054893494,0.04450893774628639,-0.737554669380188,0.0,-46.01990784354771,89.45158047728299,39.34166299929889,-0.06324037935598364,0.01473374984241893,-0.7201602725795875,-0.6907624248598695,0,0,0,0,0,0,0,0,0,0,0,0,0,0,0,0,0,0,0,0,0,0,0,0,0,0,0,0,0,0,0,0,0,0,0,0,0,0,0,0,0,0,0,0,0,0,0,0,0,0,0,0,0,0,0,0,0,0
1648227938,794944891,-54.979151369754646,-5.095068802170275,40.00919516677611,-22.850250244140625,-17.524290084838867,-194.18502807617188,0.6742420196533203,0.04421907290816307,-0.7371854186058044,5.801410551953268e-08,-46.88260361385463,93.6380149548624,39.25651877830661,-0.06492748579142693,0.01500227505342333,-0.7210066803114177,-0.689711205454761,0,0,0,0,0,0,0,0,0,0,0,0,0,0,0,0,0,0,0,0,0,0,0,0,0,0,0,0,0,0,0,0,0,0,0,0,0,0,0,0,0,0,0,0,0,0,0,0,0,0,0,0,0,0,0,0,0,0
1648227939,294930708,-54.979151369754646,-5.095068802170275,40.00919516677611,-22.850372314453125,-17.551105499267578,-194.1752166748047,0.6745923757553101,0.043819721788167953,-0.7368887662887573,6.074511560427709e-08,-46.92647096254447,93.62536199813249,39.262802436466025,-0.06423609590946494,0.015016380437719912,-0.7207196873682635,-0.690078069089812,0,0,0,0,0,0,0,0,0,0,0,0,0,0,0,0,0,0,0,0,0,0,0,0,0,0,0,0,0,0,0,0,0,0,0,0,0,0,0,0,0,0,0,0,0,0,0,0,0,0,0,0,0,0,0,0,0,0
1648227939,794932194,-54.979151369754646,-5.095068802170275,40.00919516677611,-22.82491111755371,-17.495969772338867,-194.15118408203125,0.6747601628303528,0.04358875751495361,-0.7367488145828247,0.0,-46.93585195387098,93.61905275254057,39.25442889624521,-0.06386847767792453,0.015200065075909652,-0.7206527440132509,-0.6901831354216155,0,0,0,0,0,0,0,0,0,0,0,0,0,0,0,0,0,0,0,0,0,0,0,0,0,0,0,0,0,0,0,0,0,0,0,0,0,0,0,0,0,0,0,0,0,0,0,0,0,0,0,0,0,0,0,0,0,0
1648227940,294935761,-54.979151369754646,-5.095068802170275,40.00919516677611,-22.838966369628906,-17.565155029296875,-194.22946166992188,0.6749897003173828,0.04347711801528931,-0.7365450859069824,0.0,-46.924040143653826,93.63669093895203,39.2542002451169,-0.06353466292223525,0.015314379119759858,-0.7205639154958219,-0.6903026505546296,0,0,0,0,0,0,0,0,0,0,0,0,0,0,0,0,0,0,0,0,0,0,0,0,0,0,0,0,0,0,0,0,0,0,0,0,0,0,0,0,0,0,0,0,0,0,0,0,0,0,0,0,0,0,0,0,0,0
1648227940,794995100,-54.979151369754646,-5.095068802170275,40.00919516677611,-22.84989356994629,-17.58993148803711,-194.19346618652344,0.6751541495323181,0.04336369037628174,-0.7364010214805603,0.0,-46.90422833202666,93.61322772306515,39.25486491176084,-0.063402072408837,0.015306145126515014,-0.720502659071007,-0.6903776318007795,0,0,0,0,0,0,0,0,0,0,0,0,0,0,0,0,0,0,0,0,0,0,0,0,0,0,0,0,0,0,0,0,0,0,0,0,0,0,0,0,0,0,0,0,0,0,0,0,0,0,0,0,0,0,0,0,0,0
1648227941,294939646,-54.979151369754646,-5.095068802170275,40.00919516677611,-22.831809997558594,-17.56732749938965,-194.19361877441406,0.6752485632896423,0.04314422607421875,-0.7363272905349731,0.0,-46.906601159544465,93.61193794304543,39.24758924602905,-0.06316128314330693,0.015304682391862057,-0.7203993615560653,-0.6905083910592249,0,0,0,0,0,0,0,0,0,0,0,0,0,0,0,0,0,0,0,0,0,0,0,0,0,0,0,0,0,0,0,0,0,0,0,0,0,0,0,0,0,0,0,0,0,0,0,0,0,0,0,0,0,0,0,0,0,0
1648227941,794904071,-54.979151369754646,-5.095068802170275,40.00919516677611,-22.82342529296875,-17.50269317626953,-194.16395568847656,0.675338089466095,0.04299354553222656,-0.7362540364265442,0.0,-46.92012166651668,93.62094845454632,39.25626898602654,-0.06298563262005363,0.015428625839532306,-0.7203823778450893,-0.6905373517229622,0,0,0,0,0,0,0,0,0,0,0,0,0,0,0,0,0,0,0,0,0,0,0,0,0,0,0,0,0,0,0,0,0,0,0,0,0,0,0,0,0,0,0,0,0,0,0,0,0,0,0,0,0,0,0,0,0,0
1648227942,294900360,-54.979151369754646,-5.095068802170275,40.00919516677611,-22.863019943237305,-17.533592224121094,-194.18539428710938,0.6755825877189636,0.043003614991903305,-0.7360291481018066,0.0,-46.91104840687453,93.63983620008392,39.24740147315885,-0.06276205948382158,0.015563007749914648,-0.7203519109681241,-0.6905888404752465,0,0,0,0,0,0,0,0,0,0,0,0,0,0,0,0,0,0,0,0,0,0,0,0,0,0,0,0,0,0,0,0,0,0,0,0,0,0,0,0,0,0,0,0,0,0,0,0,0,0,0,0,0,0,0,0,0,0
1648227942,794913483,-54.979151369754646,-5.095068802170275,40.00919516677611,-22.828075408935547,-17.479421615600586,-194.19525146484375,0.6755446791648865,0.04274505376815796,-0.7360789775848389,0.0,-46.892887216344946,93.633531601378,39.245901140029446,-0.06266032394992194,0.01560025988712338,-0.7203258869298295,-0.6906238983701039,0,0,0,0,0,0,0,0,0,0,0,0,0,0,0,0,0,0,0,0,0,0,0,0,0,0,0,0,0,0,0,0,0,0,0,0,0,0,0,0,0,0,0,0,0,0,0,0,0,0,0,0,0,0,0,0,0,0
1648227943,294900170,-54.979151369754646,-5.095068802170275,40.00919516677611,-22.880390167236328,-17.563186645507812,-194.144775390625,0.6757915019989014,0.04285049065947533,-0.735846221446991,0.0,-46.93885206835199,93.63200189558464,39.262574810154085,-0.06251159314693361,0.015607576781257293,-0.7202655811002111,-0.6906999356584476,0,0,0,0,0,0,0,0,0,0,0,0,0,0,0,0,0,0,0,0,0,0,0,0,0,0,0,0,0,0,0,0,0,0,0,0,0,0,0,0,0,0,0,0,0,0,0,0,0,0,0,0,0,0,0,0,0,0
1648227943,794965287,-54.979151369754646,-5.095068802170275,40.00919516677611,-22.80853271484375,-17.501314163208008,-194.16018676757812,0.675670325756073,0.04269695281982422,-0.7359664440155029,0.0,-46.908025086599736,93.63108990004879,39.26376991358285,-0.062430275269889146,0.01565243922944204,-0.7202542118942853,-0.6907224905072056,0,0,0,0,0,0,0,0,0,0,0,0,0,0,0,0,0,0,0,0,0,0,0,0,0,0,0,0,0,0,0,0,0,0,0,0,0,0,0,0,0,0,0,0,0,0,0,0,0,0,0,0,0,0,0,0,0,0
1648227944,294955147,-54.979151369754646,-5.095068802170275,40.00919516677611,-22.853164672851562,-17.57149314880371,-194.1599578857422,0.6758727431297302,0.042653441429138184,-0.735783040523529,0.0,-46.92536594766747,93.63454929898302,39.26531798488892,-0.06228117551922502,0.01566713270454384,-0.7201942779192442,-0.6907916951028754,0,0,0,0,0,0,0,0,0,0,0,0,0,0,0,0,0,0,0,0,0,0,0,0,0,0,0,0,0,0,0,0,0,0,0,0,0,0,0,0,0,0,0,0,0,0,0,0,0,0,0,0,0,0,0,0,0,0
1648227944,794953997,-54.979151369754646,-5.095068802170275,40.00919516677611,-22.822818756103516,-17.501235961914062,-194.14891052246094,0.6758531332015991,0.042607784271240234,-0.7358037233352661,0.0,-46.91144844669236,93.63131498925604,39.261864233000715,-0.06221639389366007,0.015705274250596923,-0.7201853604781668,-0.6908073389010876,0,0,0,0,0,0,0,0,0,0,0,0,0,0,0,0,0,0,0,0,0,0,0,0,0,0,0,0,0,0,0,0,0,0,0,0,0,0,0,0,0,0,0,0,0,0,0,0,0,0,0,0,0,0,0,0,0,0
1648227945,294986688,-54.979151369754646,-5.095068802170275,40.00919516677611,-22.849607467651367,-17.56093406677246,-194.18646240234375,0.6759893298149109,0.0424957275390625,-0.7356851100921631,0.0,-46.91065489838272,93.63074420049534,39.270309978133675,-0.06210953843411171,0.015733560356482545,-0.7201544184237522,-0.6908514731215926,0,0,0,0,0,0,0,0,0,0,0,0,0,0,0,0,0,0,0,0,0,0,0,0,0,0,0,0,0,0,0,0,0,0,0,0,0,0,0,0,0,0,0,0,0,0,0,0,0,0,0,0,0,0,0,0,0,0
1648227945,794943177,-54.979151369754646,-5.095068802170275,40.00919516677611,-22.780696868896484,-17.48362922668457,-194.2225341796875,0.6758636832237244,0.04222744703292847,-0.7358159422874451,0.0,-46.88297468681665,93.6162034293324,39.28585719740069,-0.06203153436384201,0.015622802252825585,-0.7200655980436254,-0.6909483087301991,0,0,0,0,0,0,0,0,0,0,0,0,0,0,0,0,0,0,0,0,0,0,0,0,0,0,0,0,0,0,0,0,0,0,0,0,0,0,0,0,0,0,0,0,0,0,0,0,0,0,0,0,0,0,0,0,0,0
1648227946,294941239,-54.979151369754646,-5.095068802170275,40.00919516677611,-22.778413772583008,-17.480125427246094,-194.21353149414062,0.6758884787559509,0.042210761457681656,-0.735794186592102,0.0,-46.901302967763314,93.59947745333793,39.25975497079977,-0.06198915414338041,0.01569357218359363,-0.7200826797579825,-0.6909358226756175,0,0,0,0,0,0,0,0,0,0,0,0,0,0,0,0,0,0,0,0,0,0,0,0,0,0,0,0,0,0,0,0,0,0,0,0,0,0,0,0,0,0,0,0,0,0,0,0,0,0,0,0,0,0,0,0,0,0
1648227946,794943578,-54.979151369754646,-5.095068802170275,40.00919516677611,-22.75815773010254,-17.476150512695312,-194.16632080078125,0.6758773326873779,0.042136430740356445,-0.7358086109161377,-5.9251686224115474e-08,-46.90032777765609,93.56769020115001,39.29982063367789,-0.06196287399495204,0.01554661290801973,-0.7200014574520291,-0.6910265972662396,0,0,0,0,0,0,0,0,0,0,0,0,0,0,0,0,0,0,0,0,0,0,0,0,0,0,0,0,0,0,0,0,0,0,0,0,0,0,0,0,0,0,0,0,0,0,0,0,0,0,0,0,0,0,0,0,0,0
1648227947,294941276,-54.979151369754646,-5.095068802170275,40.00919516677611,-22.815868377685547,-17.535980224609375,-194.1888885498047,0.6760868430137634,0.042131368070840836,-0.7356163859367371,0.0,-46.91954270900362,93.60347814735721,39.25860061831293,-0.06181717156066685,0.01569422952352284,-0.7200080367938323,-0.6910265424025501,0,0,0,0,0,0,0,0,0,0,0,0,0,0,0,0,0,0,0,0,0,0,0,0,0,0,0,0,0,0,0,0,0,0,0,0,0,0,0,0,0,0,0,0,0,0,0,0,0,0,0,0,0,0,0,0,0,0
1648227947,794953528,-54.979151369754646,-5.095068802170275,40.00919516677611,-22.823755264282227,-17.467193603515625,-194.12298583984375,0.6761484146118164,0.04204309359192848,-0.7355649471282959,0.0,-46.91197318264304,93.63487562796166,39.27749734622785,-0.061680702160112844,0.015833338938827712,-0.7200167492208144,-0.6910283410072144,0,0,0,0,0,0,0,0,0,0,0,0,0,0,0,0,0,0,0,0,0,0,0,0,0,0,0,0,0,0,0,0,0,0,0,0,0,0,0,0,0,0,0,0,0,0,0,0,0,0,0,0,0,0,0,0,0,0
1648227948,294906014,-54.979151369754646,-5.095068802170275,40.00919516677611,-22.82944679260254,-17.552370071411133,-194.21539306640625,0.676220178604126,0.042127009481191635,-0.7354941368103027,5.922164447724754e-08,-46.885996920122466,93.62287360483234,39.26242971964046,-0.06164707648303319,0.015811809064874616,-0.7199920354871877,-0.691057579222147,0,0,0,0,0,0,0,0,0,0,0,0,0,0,0,0,0,0,0,0,0,0,0,0,0,0,0,0,0,0,0,0,0,0,0,0,0,0,0,0,0,0,0,0,0,0,0,0,0,0,0,0,0,0,0,0,0,0
1648227948,794946210,-54.979151369754646,-5.095068802170275,40.00919516677611,-22.812984466552734,-17.492454528808594,-194.19894409179688,0.6762166619300842,0.041999153792858124,-0.735504686832428,0.0,-46.89648027229913,93.6013125840928,39.2682279600959,-0.06164143671802813,0.01578096751941699,-0.719977217331748,-0.6910791315570242,0,0,0,0,0,0,0,0,0,0,0,0,0,0,0,0,0,0,0,0,0,0,0,0,0,0,0,0,0,0,0,0,0,0,0,0,0,0,0,0,0,0,0,0,0,0,0,0,0,0,0,0,0,0,0,0,0,0
1648227949,294952018,-54.979151369754646,-5.095068802170275,40.00919516677611,-22.783525466918945,-17.46648597717285,-194.17852783203125,0.6761690378189087,0.041967686265707016,-0.7355502247810364,0.0,-46.94636466855033,93.58318340584051,39.310956611373044,-0.06160144737831197,0.015689822515482954,-0.7199131253277053,-0.6911443523881173,0,0,0,0,0,0,0,0,0,0,0,0,0,0,0,0,0,0,0,0,0,0,0,0,0,0,0,0,0,0,0,0,0,0,0,0,0,0,0,0,0,0,0,0,0,0,0,0,0,0,0,0,0,0,0,0,0,0
1648227949,794933741,-54.979151369754646,-5.095068802170275,40.00919516677611,-22.803178787231445,-17.48235321044922,-194.21182250976562,0.6762539744377136,0.041967812925577164,-0.7354721426963806,0.0,-46.87970223276696,93.59006869027644,39.27345507973612,-0.06155577365296577,0.015794510263703376,-0.7199455638395758,-0.6911166076741149,0,0,0,0,0,0,0,0,0,0,0,0,0,0,0,0,0,0,0,0,0,0,0,0,0,0,0,0,0,0,0,0,0,0,0,0,0,0,0,0,0,0,0,0,0,0,0,0,0,0,0,0,0,0,0,0,0,0
1648227950,294951731,-54.979151369754646,-5.095068802170275,40.00919516677611,-22.791261672973633,-17.45842933654785,-194.23321533203125,0.6762455105781555,0.04177987575531006,-0.735490620136261,0.0,-46.87333137563701,93.5954773422207,39.28310142141053,-0.06147488972056048,0.01578244271333601,-0.7199028864220571,-0.6911639349306399,0,0,0,0,0,0,0,0,0,0,0,0,0,0,0,0,0,0,0,0,0,0,0,0,0,0,0,0,0,0,0,0,0,0,0,0,0,0,0,0,0,0,0,0,0,0,0,0,0,0,0,0,0,0,0,0,0,0
1648227950,794945896,-54.979151369754646,-5.095068802170275,40.00919516677611,-22.78934097290039,-17.44084930419922,-194.1871337890625,0.6762778162956238,0.041722480207681656,-0.7354642152786255,0.0,-46.910438572775064,93.58047965850156,39.31540854454357,-0.061421171190505164,0.015716537348748394,-0.7198500621464703,-0.691228850015865,0,0,0,0,0,0,0,0,0,0,0,0,0,0,0,0,0,0,0,0,0,0,0,0,0,0,0,0,0,0,0,0,0,0,0,0,0,0,0,0,0,0,0,0,0,0,0,0,0,0,0,0,0,0,0,0,0,0
1648227951,294903314,-54.979151369754646,-5.095068802170275,40.00919516677611,-22.77432632446289,-17.487016677856445,-194.144287109375,0.6762993335723877,0.04183143377304077,-0.7354381680488586,0.0,-46.920499605460066,93.56857725798318,39.31159994410198,-0.061407822361244035,0.015702577795384254,-0.7198388786360407,-0.6912445658052748,0,0,0,0,0,0,0,0,0,0,0,0,0,0,0,0,0,0,0,0,0,0,0,0,0,0,0,0,0,0,0,0,0,0,0,0,0,0,0,0,0,0,0,0,0,0,0,0,0,0,0,0,0,0,0,0,0,0
1648227951,794893685,-54.979151369754646,-5.095068802170275,40.00919516677611,-22.795177459716797,-17.46045684814453,-194.1783447265625,0.6763453483581543,0.041650354862213135,-0.7354061603546143,5.921068435554844e-08,-46.92327925027004,93.59156627314275,39.3091362609305,-0.061326660436462566,0.01577009382451594,-0.7198360559218225,-0.6912527601884073,0,0,0,0,0,0,0,0,0,0,0,0,0,0,0,0,0,0,0,0,0,0,0,0,0,0,0,0,0,0,0,0,0,0,0,0,0,0,0,0,0,0,0,0,0,0,0,0,0,0,0,0,0,0,0,0,0,0
1648227952,294953535,-54.979151369754646,-5.095068802170275,40.00919516677611,-22.784639358520508,-17.482851028442383,-194.15248107910156,0.6763498187065125,0.04167049750685692,-0.735400915145874,0.0,-46.91865628960235,93.58223501497707,39.27791126427849,-0.06132853668075117,0.015810874073330483,-0.719854671774682,-0.6912287709001274,0,0,0,0,0,0,0,0,0,0,0,0,0,0,0,0,0,0,0,0,0,0,0,0,0,0,0,0,0,0,0,0,0,0,0,0,0,0,0,0,0,0,0,0,0,0,0,0,0,0,0,0,0,0,0,0,0,0
1648227952,794950346,-54.979151369754646,-5.095068802170275,40.00919516677611,-22.814125061035156,-17.480398178100586,-194.21673583984375,0.6764958500862122,0.04168063402175903,-0.7352660298347473,0.0,-46.90841877531187,93.59492594543045,39.318543392380406,-0.06119040043278756,0.015795811799841353,-0.7197892147476052,-0.6913118164299715,0,0,0,0,0,0,0,0,0,0,0,0,0,0,0,0,0,0,0,0,0,0,0,0,0,0,0,0,0,0,0,0,0,0,0,0,0,0,0,0,0,0,0,0,0,0,0,0,0,0,0,0,0,0,0,0,0,0
1648227953,294903964,-54.979151369754646,-5.095068802170275,40.00919516677611,-22.805259704589844,-17.4997501373291,-194.21389770507812,0.6764786839485168,0.0416225790977478,-0.7352851033210754,-6.05757364269266e-08,-46.86684575474635,93.56094630423132,39.303783970898124,-0.061244231099180646,0.015741789900705405,-0.7197866443278443,-0.6913111562472425,0,0,0,0,0,0,0,0,0,0,0,0,0,0,0,0,0,0,0,0,0,0,0,0,0,0,0,0,0,0,0,0,0,0,0,0,0,0,0,0,0,0,0,0,0,0,0,0,0,0,0,0,0,0,0,0,0,0
1648227953,794953530,-54.979151369754646,-5.095068802170275,40.00919516677611,-22.78799057006836,-17.48174476623535,-194.14161682128906,0.6764872074127197,0.04162364825606346,-0.7352771162986755,0.0,-46.92740725189907,93.57697173684889,39.29694899680966,-0.061185970151687086,0.015840474981851038,-0.7198083429863215,-0.6912906490039676,0,0,0,0,0,0,0,0,0,0,0,0,0,0,0,0,0,0,0,0,0,0,0,0,0,0,0,0,0,0,0,0,0,0,0,0,0,0,0,0,0,0,0,0,0,0,0,0,0,0,0,0,0,0,0,0,0,0
1648227954,294977644,-54.979151369754646,-5.095068802170275,40.00919516677611,-22.77787971496582,-17.45219612121582,-194.18414306640625,0.676452100276947,0.04160011187195778,-0.7353108525276184,-5.920134071857319e-08,-46.93074680111289,93.58193842926428,39.30842666768928,-0.06111869591018615,0.015862194152506448,-0.7197899862593766,-0.6913156074417985,0,0,0,0,0,0,0,0,0,0,0,0,0,0,0,0,0,0,0,0,0,0,0,0,0,0,0,0,0,0,0,0,0,0,0,0,0,0,0,0,0,0,0,0,0,0,0,0,0,0,0,0,0,0,0,0,0,0
1648227954,794891622,-54.979151369754646,-5.095068802170275,40.00919516677611,-22.811063766479492,-17.49131202697754,-194.17884826660156,0.6765770316123962,0.041621506214141846,-0.7351946234703064,0.0,-46.89399017012914,93.58086237695898,39.30148887968138,-0.06110069889615072,0.015879162264190394,-0.7197899582284091,-0.6913160062249251,0,0,0,0,0,0,0,0,0,0,0,0,0,0,0,0,0,0,0,0,0,0,0,0,0,0,0,0,0,0,0,0,0,0,0,0,0,0,0,0,0,0,0,0,0,0,0,0,0,0,0,0,0,0,0,0,0,0
1648227955,294955180,-54.979151369754646,-5.095068802170275,40.00919516677611,-22.77345848083496,-17.45293426513672,-194.200439453125,0.6765152215957642,0.0415414534509182,-0.7352560758590698,-5.919581624880266e-08,-46.90832770797718,93.59306436657937,39.31416064444684,-0.06104796002203822,0.015907716291543084,-0.719780619319022,-0.6913290937273442,0,0,0,0,0,0,0,0,0,0,0,0,0,0,0,0,0,0,0,0,0,0,0,0,0,0,0,0,0,0,0,0,0,0,0,0,0,0,0,0,0,0,0,0,0,0,0,0,0,0,0,0,0,0,0,0,0,0
1648227955,794901082,-54.979151369754646,-5.095068802170275,40.00919516677611,-22.77694320678711,-17.44663429260254,-194.20135498046875,0.6765656471252441,0.0415339469909668,-0.7352100610733032,0.0,-46.87489047394442,93.58516583737247,39.30219442820345,-0.06102501230673085,0.01592333074969232,-0.719777310336281,-0.6913323086879469,0,0,0,0,0,0,0,0,0,0,0,0,0,0,0,0,0,0,0,0,0,0,0,0,0,0,0,0,0,0,0,0,0,0,0,0,0,0,0,0,0,0,0,0,0,0,0,0,0,0,0,0,0,0,0,0,0,0
1648227956,294955617,-54.979151369754646,-5.095068802170275,40.00919516677611,-22.815113067626953,-17.504934310913086,-194.1127471923828,0.6766765713691711,0.04160106182098389,-0.7351041436195374,0.0,-46.95493707517531,93.58592864828029,39.33591269840417,-0.060970036632353064,0.015876690004227256,-0.7197337997682607,-0.6913885782135392,0,0,0,0,0,0,0,0,0,0,0,0,0,0,0,0,0,0,0,0,0,0,0,0,0,0,0,0,0,0,0,0,0,0,0,0,0,0,0,0,0,0,0,0,0,0,0,0,0,0,0,0,0,0,0,0,0,0
1648227956,795174662,-54.979151369754646,-5.095068802170275,40.00919516677611,-22.824586868286133,-17.460817337036133,-194.1583709716797,0.6767364740371704,0.041557490825653076,-0.7350515127182007,0.0,-46.94477248343151,93.61180321538902,39.29433034706434,-0.0609138494247361,0.016012000143462768,-0.7197742128228114,-0.691348269609831,0.0,0.0,0.0,0.0,1.0,0.0,0.0,-0.3482,0.1089,0.0893,-0.167,0.1967,0.0913,0.1103,0.3594,0.1332,-0.2593,0.1975,0.7322,0.7989,0.0794,-0.1714,0.0723,0.1597,0.8766,0.061,-0.4968,0.2415,0.0003,0.0,-0.0005,0.0079,0.0007,-0.0025,0.0021,-0.0004,-0.0001,0.0006,-0.0077,-0.0006,0.0025,-0.002,-0.0017,-0.0006,0.0009,0.004,0.0083,0.0053,-0.0007,0.0,0.0,0.0,0.0,0.0,0.0,0.0,1.7184088446095203,2.289183981940063
1648227957,294942475,-54.979151369754646,-5.095068802170275,40.00919516677611,-22.79004669189453,-17.440948486328125,-194.1625213623047,0.6767122149467468,0.041404008865356445,-0.7350825071334839,0.0,-46.93978912358804,93.58694169052825,39.30872118384994,-0.06090185842931378,0.015921759860277662,-0.7197245418194382,-0.6914001022895172,0.0,0.0,0.0,0.0,1.0,0.0,0.0,-0.3482,0.1089,0.0893,-0.167,0.1967,0.0913,0.1103,0.3594,0.1332,-0.2593,0.1975,0.7322,0.7989,0.0794,-0.1714,0.0723,0.1597,0.8766,0.061,-0.4968,0.2415,0.0003,0.0,-0.0005,0.0079,0.0007,-0.0025,0.0021,-0.0004,-0.0001,0.0006,-0.0077,-0.0006,0.0025,-0.002,-0.0017,-0.0006,0.0009,0.004,0.0083,0.0053,-0.0007,0.0,0.0,0.0,0.0,0.0,0.0,0.0,1.7184088446095203,2.289183981940063
1648227957,794941422,-54.979151369754646,-5.095068802170275,40.00919516677611,-22.823352813720703,-17.538843154907227,-194.1660919189453,0.6768031716346741,0.04177939519286156,-0.7349774837493896,0.0,-46.92308402659128,93.59298539924214,39.32470142237527,-0.06086914187502712,0.016086309219816297,-0.7197921575273235,-0.6913353753225736,0.0,0.0,0.0,0.0,1.0,0.0,0.0,-0.3482,0.1089,0.0893,-0.167,0.1967,0.0913,0.1103,0.3594,0.1332,-0.2593,0.1975,0.7322,0.7989,0.0794,-0.1714,0.0723,0.1597,0.8766,0.061,-0.4968,0.2415,0.0003,0.0,-0.0005,0.0079,0.0007,-0.0025,0.0021,-0.0004,-0.0001,0.0006,-0.0077,-0.0006,0.0025,-0.002,-0.0017,-0.0006,0.0009,0.004,0.0083,0.0053,-0.0007,0.0,0.0,0.0,0.0,0.0,0.0,0.0,1.7184088446095203,2.289183981940063
1648227958,295164641,-54.979151369754646,-5.095068802170275,40.00919516677611,-22.822372436523438,-17.4881649017334,-194.1616973876953,0.6766676902770996,0.04151797294616699,-0.7351170778274536,0.0,-46.89163164425594,93.5914614029707,39.30675480187725,-0.06087156687334955,0.01597310718942413,-0.7197360243842565,-0.6913896151267012,0.0,0.0,0.0,0.0,1.0,0.0,0.0,-0.3482,0.1089,0.0893,-0.167,0.1967,0.0913,0.1103,0.3594,0.1332,-0.2593,0.1975,0.7322,0.7989,0.0794,-0.1714,0.0723,0.1597,0.8766,0.061,-0.4968,0.2415,0.0003,0.0,-0.0005,0.0079,0.0007,-0.0025,0.0021,-0.0004,-0.0001,0.0006,-0.0077,-0.0006,0.0025,-0.002,-0.0017,-0.0006,0.0009,0.004,0.0083,0.0053,-0.0007,0.0,0.0,0.0,0.0,0.0,0.0,0.0,1.7184088446095203,2.289183981940063
1648227958,794891468,-54.979151369754646,-5.095068802170275,40.00919516677611,-22.835397720336914,-17.50969123840332,-194.21014404296875,0.6766334176063538,0.04155099391937256,-0.7351467609405518,0.0,-46.91341838129674,93.61479370760414,39.28467747292343,-0.06096968379262957,0.015894548612947923,-0.7197402114903703,-0.6913773828591085,0.0,0.0,0.0,0.0,1.0,0.0,0.0,-0.3482,0.1089,0.0893,-0.167,0.1967,0.0913,0.1103,0.3594,0.1332,-0.2593,0.1975,0.7322,0.7989,0.0794,-0.1714,0.0723,0.1597,0.8766,0.061,-0.4968,0.2415,0.0003,0.0,-0.0005,0.0079,0.0007,-0.0025,0.0021,-0.0004,-0.0001,0.0006,-0.0077,-0.0006,0.0025,-0.002,-0.0017,-0.0006,0.0009,0.004,0.0083,0.0053,-0.0007,0.0,0.0,0.0,0.0,0.0,0.0,0.0,1.7184088446095203,2.289183981940063
1648227959,294980722,-54.979151369754646,-5.095068802170275,40.00919516677611,-22.852567672729492,-17.49272918701172,-194.17808532714844,0.6766356825828552,0.04165315628051758,-0.7351388931274414,5.9185275347317656e-08,-46.91290976387867,93.61550789987248,39.29552331222849,-0.06105172153928501,0.01587944767116839,-0.7197689739663982,-0.6913420313921979,0.0,0.0,0.0,0.0,1.0,0.0,0.0,-0.3482,0.1089,0.0893,-0.167,0.1967,0.0913,0.1103,0.3594,0.1332,-0.2593,0.1975,0.7322,0.7989,0.0794,-0.1714,0.0723,0.1597,0.8766,0.061,-0.4968,0.2415,0.0003,0.0,-0.0005,0.0079,0.0007,-0.0025,0.0021,-0.0004,-0.0001,0.0006,-0.0077,-0.0006,0.0025,-0.002,-0.0017,-0.0006,0.0009,0.004,0.0083,0.0053,-0.0007,0.0,0.0,0.0,0.0,0.0,0.0,0.0,1.7184088446095203,2.289183981940063
1648227959,794931398,-54.979151369754646,-5.095068802170275,40.00919516677611,-22.845523834228516,-17.49860382080078,-194.1813201904297,0.6765367388725281,0.04153859242796898,-0.735236406326294,0.0,-46.913044875261534,93.6231460339173,39.3284481818299,-0.06105932190572333,0.015773792761802907,-0.7197234982639612,-0.6913947284068418,0.0,0.0,0.0,0.0,1.0,0.0,0.0,-0.3482,0.1089,0.0893,-0.167,0.1967,0.0913,0.1103,0.3594,0.1332,-0.2593,0.1975,0.7322,0.7989,0.0794,-0.1714,0.0723,0.1597,0.8766,0.061,-0.4968,0.2415,0.0003,0.0,-0.0005,0.0079,0.0007,-0.0025,0.0021,-0.0004,-0.0001,0.0006,-0.0077,-0.0006,0.0025,-0.002,-0.0017,-0.0006,0.0009,0.004,0.0083,0.0053,-0.0007,0.0,0.0,0.0,0.0,0.0,0.0,0.0,1.7184088446095203,2.289183981940063
1648227960,294961395,-54.979151369754646,-5.095068802170275,40.00919516677611,-22.859094619750977,-17.4785099029541,-194.16461181640625,0.6765590310096741,0.04144841805100441,-0.7352210283279419,0.0,-46.91179654607723,93.63360649200428,39.29786875159444,-0.06103629851941822,0.01583261484420523,-0.7197358487722413,-0.6913702397789812,0.0,0.0,0.0,0.0,1.0,0.0,0.0,-0.3482,0.1089,0.0893,-0.167,0.1967,0.0913,0.1103,0.3594,0.1332,-0.2593,0.1975,0.7322,0.7989,0.0794,-0.1714,0.0723,0.1597,0.8766,0.061,-0.4968,0.2415,0.0003,0.0,-0.0005,0.0079,0.0007,-0.0025,0.0021,-0.0004,-0.0001,0.0006,-0.0077,-0.0006,0.0025,-0.002,-0.0017,-0.0006,0.0009,0.004,0.0083,0.0053,-0.0007,0.0,0.0,0.0,0.0,0.0,0.0,0.0,1.7184088446095203,2.289183981940063
1648227960,794899665,-54.979151369754646,-5.095068802170275,40.00919516677611,-22.87599754333496,-17.49182891845703,-194.14944458007812,0.676637589931488,0.04158914461731911,-0.7351407408714294,0.0,-46.91261935817823,93.63005656235322,39.32384633020063,-0.0610859098607025,0.01580191398922043,-0.7197466316388648,-0.6913640159704496,0.0,0.0,0.0,0.0,1.0,0.0,0.0,-0.3482,0.1089,0.0893,-0.167,0.1967,0.0913,0.1103,0.3594,0.1332,-0.2593,0.1975,0.7322,0.7989,0.0794,-0.1714,0.0723,0.1597,0.8766,0.061,-0.4968,0.2415,0.0003,0.0,-0.0005,0.0079,0.0007,-0.0025,0.0021,-0.0004,-0.0001,0.0006,-0.0077,-0.0006,0.0025,-0.002,-0.0017,-0.0006,0.0009,0.004,0.0083,0.0053,-0.0007,0.0,0.0,0.0,0.0,0.0,0.0,0.0,1.7184088446095203,2.289183981940063
1648227961,294892131,-54.979151369754646,-5.095068802170275,40.00919516677611,-22.812583923339844,-17.439769744873047,-194.16647338867188,0.6764243841171265,0.04148709401488304,-0.7353427410125732,0.0,-46.933609755836386,93.61065949596642,39.31103433495896,-0.061093034134404756,0.015746720146458393,-0.7197231672665898,-0.6913887190868615,0.0,0.0,0.0,0.0,1.0,0.0,0.0,-0.3482,0.1089,0.0893,-0.167,0.1967,0.0913,0.1103,0.3594,0.1332,-0.2593,0.1975,0.7322,0.7989,0.0794,-0.1714,0.0723,0.1597,0.8766,0.061,-0.4968,0.2415,0.0003,0.0,-0.0005,0.0079,0.0007,-0.0025,0.0021,-0.0004,-0.0001,0.0006,-0.0077,-0.0006,0.0025,-0.002,-0.0017,-0.0006,0.0009,0.004,0.0083,0.0053,-0.0007,0.0,0.0,0.0,0.0,0.0,0.0,0.0,1.7184088446095203,2.289183981940063
1648227961,794854572,-54.979151369754646,-5.095068802170275,40.00919516677611,-22.84520721435547,-17.445682525634766,-194.1652069091797,0.6765245795249939,0.04145228490233421,-0.7352524399757385,0.0,-46.9238613004149,93.646019784343,39.319940272921194,-0.061017428909240945,0.015822785530652972,-0.7197270280321998,-0.6913897165756588,0.0,0.0,0.0,0.0,1.0,0.0,0.0,-0.3482,0.1089,0.0893,-0.167,0.1967,0.0913,0.1103,0.3594,0.1332,-0.2593,0.1975,0.7322,0.7989,0.0794,-0.1714,0.0723,0.1597,0.8766,0.061,-0.4968,0.2415,0.0003,0.0,-0.0005,0.0079,0.0007,-0.0025,0.0021,-0.0004,-0.0001,0.0006,-0.0077,-0.0006,0.0025,-0.002,-0.0017,-0.0006,0.0009,0.004,0.0083,0.0053,-0.0007,0.0,0.0,0.0,0.0,0.0,0.0,0.0,1.7184088446095203,2.289183981940063
1648227962,294938279,-54.979151369754646,-5.095068802170275,40.00919516677611,-22.79296875,-17.455896377563477,-194.1540069580078,0.6763933897018433,0.04142295941710472,-0.7353748083114624,-5.920647794255274e-08,-46.921980565004816,93.62469017176701,39.30195316937597,-0.06106519650679959,0.015814547250551925,-0.7197456842121395,-0.6913705995886248,0.0,0.0,0.0,0.0,1.0,0.0,0.0,-0.3482,0.1089,0.0893,-0.167,0.1967,0.0913,0.1103,0.3594,0.1332,-0.2593,0.1975,0.7322,0.7989,0.0794,-0.1714,0.0723,0.1597,0.8766,0.061,-0.4968,0.2415,0.0003,0.0,-0.0005,0.0079,0.0007,-0.0025,0.0021,-0.0004,-0.0001,0.0006,-0.0077,-0.0006,0.0025,-0.002,-0.0017,-0.0006,0.0009,0.004,0.0083,0.0053,-0.0007,0.0,0.0,0.0,0.0,0.0,0.0,0.0,1.7184088446095203,2.289183981940063
1648227962,795202528,-54.979151369754646,-5.095068802170275,40.00919516677611,-22.852092742919922,-17.516935348510742,-194.15748596191406,0.6765631437301636,0.04154879227280617,-0.7352115511894226,0.0,-46.906219387728214,93.61924675454463,39.29769011296237,-0.061039407100184684,0.01576891000149022,-0.7197106652348324,-0.6914058672439266,0.0,0.0,0.0,0.0,1.0,0.0,0.0,-0.3482,0.1089,0.0893,-0.167,0.1967,0.0913,0.1103,0.3594,0.1332,-0.2593,0.1975,0.7322,0.7989,0.0794,-0.1714,0.0723,0.1597,0.8766,0.061,-0.4968,0.2415,0.0003,0.0,-0.0005,0.0079,0.0007,-0.0025,0.0021,-0.0004,-0.0001,0.0006,-0.0077,-0.0006,0.0025,-0.002,-0.0017,-0.0006,0.0009,0.004,0.0083,0.0053,-0.0007,0.0,0.0,0.0,0.0,0.0,0.0,0.0,1.7184088446095203,2.289183981940063
1648227963,294896558,-54.979151369754646,-5.095068802170275,40.00919516677611,-22.81174659729004,-17.449539184570312,-194.13174438476562,0.6764512658119202,0.04143607243895531,-0.7353208065032959,5.920141177284677e-08,-46.946247664411715,93.62258721732356,39.329514697903385,-0.06103504609217053,0.01575832643257158,-0.7197018947791773,-0.6914117415339577,0.0,0.0,0.0,0.0,1.0,0.0,0.0,-0.3482,0.1089,0.0893,-0.167,0.1967,0.0913,0.1103,0.3594,0.1332,-0.2593,0.1975,0.7322,0.7989,0.0794,-0.1714,0.0723,0.1597,0.8766,0.061,-0.4968,0.2415,0.0003,0.0,-0.0005,0.0079,0.0007,-0.0025,0.0021,-0.0004,-0.0001,0.0006,-0.0077,-0.0006,0.0025,-0.002,-0.0017,-0.0006,0.0009,0.004,0.0083,0.0053,-0.0007,0.0,0.0,0.0,0.0,0.0,0.0,0.0,1.7184088446095203,2.289183981940063
1648227963,794904922,-54.979151369754646,-5.095068802170275,40.00919516677611,-22.837921142578125,-17.49253273010254,-194.15184020996094,0.6765000224113464,0.04147082194685936,-0.7352740168571472,0.0,-46.93740162461734,93.62770401378494,39.294695137917884,-0.06104729401051334,0.015789697798769764,-0.7197250284064173,-0.6913919475061274,0.0,0.0,0.0,0.0,1.0,0.0,0.0,-0.3482,0.1089,0.0893,-0.167,0.1967,0.0913,0.1103,0.3594,0.1332,-0.2593,0.1975,0.7322,0.7989,0.0794,-0.1714,0.0723,0.1597,0.8766,0.061,-0.4968,0.2415,0.0003,0.0,-0.0005,0.0079,0.0007,-0.0025,0.0021,-0.0004,-0.0001,0.0006,-0.0077,-0.0006,0.0025,-0.002,-0.0017,-0.0006,0.0009,0.004,0.0083,0.0053,-0.0007,0.0,0.0,0.0,0.0,0.0,0.0,0.0,1.7184088446095203,2.289183981940063
1648227964,294905279,-54.979151369754646,-5.095068802170275,40.00919516677611,-22.88467025756836,-17.480653762817383,-194.15713500976562,0.6766487956047058,0.04144120588898659,-0.7351387739181519,0.0,-46.93107496591446,93.64567858687397,39.29734523409445,-0.060973074407703276,0.01582831176930566,-0.7197127821452739,-0.6914129396854423,0.0,0.0,0.0,0.0,1.0,0.0,0.0,-0.3482,0.1089,0.0893,-0.167,0.1967,0.0913,0.1103,0.3594,0.1332,-0.2593,0.1975,0.7322,0.7989,0.0794,-0.1714,0.0723,0.1597,0.8766,0.061,-0.4968,0.2415,0.0003,0.0,-0.0005,0.0079,0.0007,-0.0025,0.0021,-0.0004,-0.0001,0.0006,-0.0077,-0.0006,0.0025,-0.002,-0.0017,-0.0006,0.0009,0.004,0.0083,0.0053,-0.0007,0.0,0.0,0.0,0.0,0.0,0.0,0.0,1.7184088446095203,2.289183981940063
1648227964,794782236,-54.979151369754646,-5.095068802170275,40.00919516677611,-22.840286254882812,-17.47710418701172,-194.11618041992188,0.6765245795249939,0.041476842015981674,-0.7352510690689087,0.0,-46.93221138973328,93.6415860737719,39.30307520077208,-0.060995884184650906,0.015817945319908433,-0.7197139270300648,-0.6914021469248118,0.0,0.0,0.0,0.0,1.0,0.0,0.0,-0.3482,0.1089,0.0893,-0.167,0.1967,0.0913,0.1103,0.3594,0.1332,-0.2593,0.1975,0.7322,0.7989,0.0794,-0.1714,0.0723,0.1597,0.8766,0.061,-0.4968,0.2415,0.0003,0.0,-0.0005,0.0079,0.0007,-0.0025,0.0021,-0.0004,-0.0001,0.0006,-0.0077,-0.0006,0.0025,-0.002,-0.0017,-0.0006,0.0009,0.004,0.0083,0.0053,-0.0007,0.0,0.0,0.0,0.0,0.0,0.0,0.0,1.7184088446095203,2.289183981940063
1648227965,294904361,-54.979151369754646,-5.095068802170275,40.00919516677611,-22.8552303314209,-17.493011474609375,-194.12802124023438,0.676587700843811,0.041374266147613525,-0.7351988554000854,0.0,-46.94983053020624,93.62082080732085,39.334927487869116,-0.06098468864068035,0.01574496847002793,-0.7196761464735766,-0.6914481039948968,0.0,0.0,0.0,0.0,1.0,0.0,0.0,-0.3482,0.1089,0.0893,-0.167,0.1967,0.0913,0.1103,0.3594,0.1332,-0.2593,0.1975,0.7322,0.7989,0.0794,-0.1714,0.0723,0.1597,0.8766,0.061,-0.4968,0.2415,0.0003,0.0,-0.0005,0.0079,0.0007,-0.0025,0.0021,-0.0004,-0.0001,0.0006,-0.0077,-0.0006,0.0025,-0.002,-0.0017,-0.0006,0.0009,0.004,0.0083,0.0053,-0.0007,0.0,0.0,0.0,0.0,0.0,0.0,0.0,1.7184088446095203,2.289183981940063
