Timestamp sec,Timestamp nanosec,Entry_point x,Entry_point y,Entry_point z, Entry_point sec, Entry_point nanosec,AuroraTip x,AuroraTip y,AuroraTip z,AuroraTip qw,AuroraTip qx,AuroraTip qy,AuroraTip qz,AuroraTip sec,AuroraTip nanosec,Tip x,Tip y,Tip z,Tip qw,Tip qx,Tip qy,Tip qz,Tip sec,Tip nanosec,AuroraBase x,AuroraBase y,AuroraBase z,AuroraBase qw,AuroraBase qx,AuroraBase qy,AuroraBase qz,AuroraBase sec,AuroraBase nanosec,Base x,Base y,Base z,Base qw,Base qx,Base qy,Base qz,Base sec,Base nanosec,J00,J01,J02,J03,J04,J05,J06,J10,J11,J12,J13,J14,J15,J16,J20,J21,J22,J23,J24,J25,J26,J30,J31,J32,J33,J34,J35,J36,J40,J41,J42,J43,J44,J45,J46,J50,J51,J52,J53,J54,J55,J56,J60,J61,J62,J63,J64,J65,J66,J sec,J nanosec,Control x,Control z,Control sec,Control nanosec
1652884050,615780288,0,0,0,0,0,-15.081972122192383,1.8690016269683838,-179.45144653320312,0.9998096823692322,0.012341618537902832,-0.015110254287719727,5.588999485439672e-09,1652884050,606110401,0,0,0,0,0,0,0,0,0,-14.982224464416504,-28.288646697998047,-183.36683654785156,0.9998490810394287,0.0022233128547668457,-0.01723092794418335,-7.451705030803168e-09,1652884050,606696244,0,0,0,0,0,0,0,0,0,0,0,0,0,0,0,0,0,0,0,0,0,0,0,0,0,0,0,0,0,0,0,0,0,0,0,0,0,0,0,0,0,0,0,0,0,0,0,0,0,0,0,0,0,0,0,0,0,0,0,0,0,0,0,0
1652884050,815806644,0,0,0,0,0,-15.090357780456543,1.9728320837020874,-179.40516662597656,0.9998040795326233,0.013029097579419613,-0.014903783798217773,5.589030571684361e-09,1652884050,807083306,-58.266387038809825,9.944851117650614,52.18619674592058,-0.7104684954489047,0.7033772855606615,0.020519458370681656,-0.008600476620303102,1652884050,696850012,-14.964337348937988,-28.226192474365234,-183.36904907226562,0.9998457431793213,0.0026750564575195312,-0.01735791563987732,9.312842941255894e-09,1652884050,807413102,0,0,0,0,0,0,0,0,0,0,0,0,0,0,0,0,0,0,0,0,0,0,0,0,0,0,0,0,0,0,0,0,0,0,0,0,0,0,0,0,0,0,0,0,0,0,0,0,0,0,0,0,0,0,0,0,0,0,0,0,0,0,0,0
1652884051,15749549,0,0,0,0,0,-15.111555099487305,1.8367183208465576,-179.41392517089844,0.9998173117637634,0.012078167870640755,-0.014813394285738468,2.141705657265902e-08,1652884051,5541240,-58.266387038809825,9.944851117650614,52.18619674592058,-0.7104684954489047,0.7033772855606615,0.020519458370681656,-0.008600476620303102,1652884050,696850012,-14.966652870178223,-28.26376724243164,-183.36410522460938,0.9998468160629272,0.002403140300884843,-0.017336517572402954,1.490162482298274e-08,1652884051,5901214,0,0,0,0,0,0,0,0,0,0,0,0,0,0,0,0,0,0,0,0,0,0,0,0,0,0,0,0,0,0,0,0,0,0,0,0,0,0,0,0,0,0,0,0,0,0,0,0,0,0,0,0,0,0,0,0,0,0,0,0,0,0,0,0
1652884051,215760322,0,0,0,0,0,-15.131484985351562,1.754227638244629,-179.42552185058594,0.9998252987861633,0.011437654495239258,-0.014785200357437134,-1.5827973598447898e-08,1652884051,206466304,-58.266387038809825,9.944851117650614,52.18619674592058,-0.7104684954489047,0.7033772855606615,0.020519458370681656,-0.008600476620303102,1652884050,696850012,-14.980581283569336,-28.315441131591797,-183.340087890625,0.9998490810394287,0.0020191671792417765,-0.017252089455723763,0.0,1652884051,206781020,0,0,0,0,0,0,0,0,0,0,0,0,0,0,0,0,0,0,0,0,0,0,0,0,0,0,0,0,0,0,0,0,0,0,0,0,0,0,0,0,0,0,0,0,0,0,0,0,0,0,0,0,0,0,0,0,0,0,0,0,0,0,0,0
1652884051,415754809,0,0,0,0,0,-15.103189468383789,1.8178876638412476,-179.42355346679688,0.9998173117637634,0.011917710304260254,-0.014943839982151985,1.862985499201386e-08,1652884051,402682695,-58.266387038809825,9.944851117650614,52.18619674592058,-0.7104684954489047,0.7033772855606615,0.020519458370681656,-0.008600476620303102,1652884050,696850012,-14.985486030578613,-28.288448333740234,-183.3382110595703,0.9998499155044556,0.0022045967634767294,-0.017185868695378304,7.449879380061475e-09,1652884051,402995202,0,0,0,0,0,0,0,0,0,0,0,0,0,0,0,0,0,0,0,0,0,0,0,0,0,0,0,0,0,0,0,0,0,0,0,0,0,0,0,0,0,0,0,0,0,0,0,0,0,0,0,0,0,0,0,0,0,0,0,0,0,0,0,0
1652884051,615706370,0,0,0,0,0,-15.091421127319336,1.878055214881897,-179.4167022705078,0.999810516834259,0.012380242347717285,-0.015022964216768742,4.6574957224265745e-09,1652884051,603388439,-58.266387038809825,9.944851117650614,52.18619674592058,-0.7104684954489047,0.7033772855606615,0.020519458370681656,-0.008600476620303102,1652884050,696850012,-14.955412864685059,-28.25839614868164,-183.3532257080078,0.9998461008071899,0.002458989853039384,-0.017370522022247314,-1.4901635481123776e-08,1652884051,603845140,0,0,0,0,0,0,0,0,0,0,0,0,0,0,0,0,0,0,0,0,0,0,0,0,0,0,0,0,0,0,0,0,0,0,0,0,0,0,0,0,0,0,0,0,0,0,0,0,0,0,0,0,0,0,0,0,0,0,0,0,0,0,0,0
1652884051,815744839,0,0,0,0,0,-15.110816955566406,1.7539920806884766,-179.4799041748047,0.99982088804245,0.011525512672960758,-0.015012026764452457,-4.657447316702701e-09,1652884051,804816093,-58.2848803057655,9.995493592174853,52.03726899472579,-0.7111974605305711,0.7026472355903463,0.020345945830689275,-0.00843245914311641,1652884051,700120470,-14.971407890319824,-28.250974655151367,-183.34713745117188,0.9998487234115601,0.002487302292138338,-0.0172117967158556,2.0490377394821735e-08,1652884051,805132578,0,0,0,0,0,0,0,0,0,0,0,0,0,0,0,0,0,0,0,0,0,0,0,0,0,0,0,0,0,0,0,0,0,0,0,0,0,0,0,0,0,0,0,0,0,0,0,0,0,0,0,0,0,0,0,0,0,0,0,0,0,0,0,0
1652884052,15709261,0,0,0,0,0,-15.103642463684082,1.8221588134765625,-179.4454803466797,0.9998169541358948,0.01193779706954956,-0.014955341815948486,-1.3972396573080914e-08,1652884052,6139256,-58.2848803057655,9.995493592174853,52.03726899472579,-0.7111974605305711,0.7026472355903463,0.020345945830689275,-0.00843245914311641,1652884051,700120470,-14.996878623962402,-28.26949119567871,-183.34400939941406,0.999850869178772,0.0023966433946043253,-0.017102301120758057,1.49015644268502e-08,1652884052,6594437,0,0,0,0,0,0,0,0,0,0,0,0,0,0,0,0,0,0,0,0,0,0,0,0,0,0,0,0,0,0,0,0,0,0,0,0,0,0,0,0,0,0,0,0,0,0,0,0,0,0,0,0,0,0,0,0,0,0,0,0,0,0,0,0
1652884052,215788360,0,0,0,0,0,-15.064888954162598,1.8904845714569092,-179.4348907470703,0.9998080134391785,0.01239687204360962,-0.01517266035079956,2.5143261694893226e-08,1652884052,202212950,-58.2848803057655,9.995493592174853,52.03726899472579,-0.7111974605305711,0.7026472355903463,0.020345945830689275,-0.00843245914311641,1652884051,700120470,-14.9791841506958,-28.320165634155273,-183.34417724609375,0.9998494386672974,0.001987636322155595,-0.017237603664398193,1.8627437370355437e-08,1652884052,202620382,0,0,0,0,0,0,0,0,0,0,0,0,0,0,0,0,0,0,0,0,0,0,0,0,0,0,0,0,0,0,0,0,0,0,0,0,0,0,0,0,0,0,0,0,0,0,0,0,0,0,0,0,0,0,0,0,0,0,0,0,0,0,0,0
1652884052,415821334,0,0,0,0,0,-15.09091854095459,1.8629013299942017,-179.43325805664062,0.9998123049736023,0.01224285364151001,-0.015019118785858154,1.117069192702047e-08,1652884052,405240622,-58.2848803057655,9.995493592174853,52.03726899472579,-0.7111974605305711,0.7026472355903463,0.020345945830689275,-0.00843245914311641,1652884051,700120470,-14.973031997680664,-28.230438232421875,-183.36619567871094,0.9998471736907959,0.0026696925051510334,-0.017273815348744392,-7.449899808165128e-09,1652884052,405715951,0,0,0,0,0,0,0,0,0,0,0,0,0,0,0,0,0,0,0,0,0,0,0,0,0,0,0,0,0,0,0,0,0,0,0,0,0,0,0,0,0,0,0,0,0,0,0,0,0,0,0,0,0,0,0,0,0,0,0,0,0,0,0,0
1652884052,615808557,0,0,0,0,0,-15.080225944519043,1.8429347276687622,-179.45652770996094,0.9998124241828918,0.012103676795959473,-0.015120120719075203,1.862994647439109e-09,1652884052,605126386,-58.2848803057655,9.995493592174853,52.03726899472579,-0.7111974605305711,0.7026472355903463,0.020345945830689275,-0.00843245914311641,1652884051,700120470,-14.986289024353027,-28.240795135498047,-183.35247802734375,0.9998482465744019,0.002600312465801835,-0.01722458191215992,1.1175747438585404e-08,1652884052,605599878,0,0,0,0,0,0,0,0,0,0,0,0,0,0,0,0,0,0,0,0,0,0,0,0,0,0,0,0,0,0,0,0,0,0,0,0,0,0,0,0,0,0,0,0,0,0,0,0,0,0,0,0,0,0,0,0,0,0,0,0,0,0,0,0
1652884052,815821588,0,0,0,0,0,-15.13613510131836,1.8192505836486816,-179.4681396484375,0.9998194575309753,0.011919618584215641,-0.014797897078096867,1.2109380165270522e-08,1652884052,805025774,-58.27388085736064,9.95622421817697,52.07307087691454,-0.7110010909736229,0.7028431576422662,0.02041357598968164,-0.008498876284039466,1652884052,702614336,-14.951752662658691,-28.316741943359375,-183.35581970214844,0.9998453855514526,0.002021491527557373,-0.01746314950287342,-2.0490444896381632e-08,1652884052,805499341,0,0,0,0,0,0,0,0,0,0,0,0,0,0,0,0,0,0,0,0,0,0,0,0,0,0,0,0,0,0,0,0,0,0,0,0,0,0,0,0,0,0,0,0,0,0,0,0,0,0,0,0,0,0,0,0,0,0,0,0,0,0,0,0
1652884053,15832976,0,0,0,0,0,-15.122282028198242,1.7581253051757812,-179.47604370117188,0.9998233914375305,0.011420189402997494,-0.014931499026715755,9.31487109667728e-10,1652884053,4957801,-58.27388085736064,9.95622421817697,52.07307087691454,-0.7110010909736229,0.7028431576422662,0.02041357598968164,-0.008498876284039466,1652884052,702614336,-14.934416770935059,-28.334531784057617,-183.3447723388672,0.9998443126678467,0.0018881562864407897,-0.017539415508508682,-1.862935139484989e-09,1652884053,5430770,0,0,0,0,0,0,0,0,0,0,0,0,0,0,0,0,0,0,0,0,0,0,0,0,0,0,0,0,0,0,0,0,0,0,0,0,0,0,0,0,0,0,0,0,0,0,0,0,0,0,0,0,0,0,0,0,0,0,0,0,0,0,0,0
1652884053,215833122,0,0,0,0,0,-15.111136436462402,1.8970601558685303,-179.4197998046875,0.9998133778572083,0.012387513183057308,-0.014829425141215324,2.1417140061430473e-08,1652884053,205131626,-58.27388085736064,9.95622421817697,52.07307087691454,-0.7110010909736229,0.7028431576422662,0.02041357598968164,-0.008498876284039466,1652884052,702614336,-14.923320770263672,-28.294374465942383,-183.33950805664062,0.9998434782028198,0.002125740284100175,-0.01756015606224537,-1.3038737201043205e-08,1652884053,205605494,0,0,0,0,0,0,0,0,0,0,0,0,0,0,0,0,0,0,0,0,0,0,0,0,0,0,0,0,0,0,0,0,0,0,0,0,0,0,0,0,0,0,0,0,0,0,0,0,0,0,0,0,0,0,0,0,0,0,0,0,0,0,0,0
1652884053,415809939,0,0,0,0,0,-15.116381645202637,1.7631089687347412,-179.42703247070312,0.9998251795768738,0.011426150798797607,-0.014799416065216064,-2.608159199724014e-08,1652884053,405169683,-58.27388085736064,9.95622421817697,52.07307087691454,-0.7110010909736229,0.7028431576422662,0.02041357598968164,-0.008498876284039466,1652884052,702614336,-14.91528606414795,-28.35768699645996,-183.33045959472656,0.9998437166213989,0.0016114118043333292,-0.01760059967637062,-1.8629362497080137e-09,1652884053,405642687,0,0,0,0,0,0,0,0,0,0,0,0,0,0,0,0,0,0,0,0,0,0,0,0,0,0,0,0,0,0,0,0,0,0,0,0,0,0,0,0,0,0,0,0,0,0,0,0,0,0,0,0,0,0,0,0,0,0,0,0,0,0,0,0
1652884053,615821185,0,0,0,0,0,-15.116880416870117,1.711321234703064,-179.46421813964844,0.9998273253440857,0.011102200485765934,-0.014903039671480656,8.376074056570815e-09,1652884053,604991729,-58.27388085736064,9.95622421817697,52.07307087691454,-0.7110010909736229,0.7028431576422662,0.02041357598968164,-0.008498876284039466,1652884052,702614336,-14.913480758666992,-28.350431442260742,-183.3424835205078,0.9998425245285034,0.0017646552296355367,-0.017659874632954597,-1.303874963554108e-08,1652884053,605464900,0,0,0,0,0,0,0,0,0,0,0,0,0,0,0,0,0,0,0,0,0,0,0,0,0,0,0,0,0,0,0,0,0,0,0,0,0,0,0,0,0,0,0,0,0,0,0,0,0,0,0,0,0,0,0,0,0,0,0,0,0,0,0,0
1652884053,815820278,0,0,0,0,0,-15.183083534240723,1.8170236349105835,-179.43675231933594,0.9998254179954529,0.01191401481628418,-0.014398126862943172,2.141688248968876e-08,1652884053,804975190,-58.27388085736064,9.95622421817697,52.07307087691454,-0.7110020394277492,0.7028429266862286,0.020345309077286086,-0.008429752758997034,1652884053,705244501,-14.924184799194336,-28.323848724365234,-183.34564208984375,0.9998440742492676,0.0019576551858335733,-0.017546894028782845,1.862935583574199e-09,1652884053,805449249,0,0,0,0,0,0,0,0,0,0,0,0,0,0,0,0,0,0,0,0,0,0,0,0,0,0,0,0,0,0,0,0,0,0,0,0,0,0,0,0,0,0,0,0,0,0,0,0,0,0,0,0,0,0,0,0,0,0,0,0,0,0,0,0
1652884054,15813994,0,0,0,0,0,-15.180998802185059,1.8464752435684204,-179.42330932617188,0.999823272228241,0.012059868313372135,-0.014420926570892334,2.3287180184183853e-08,1652884054,4795608,-58.27388085736064,9.95622421817697,52.07307087691454,-0.7110020394277492,0.7028429266862286,0.020345309077286086,-0.008429752758997034,1652884053,705244501,-14.952254295349121,-28.217121124267578,-183.3535614013672,0.9998458623886108,0.0027550463564693928,-0.017337054014205933,2.2353367157279536e-08,1652884054,5267348,0,0,0,0,0,0,0,0,0,0,0,0,0,0,0,0,0,0,0,0,0,0,0,0,0,0,0,0,0,0,0,0,0,0,0,0,0,0,0,0,0,0,0,0,0,0,0,0,0,0,0,0,0,0,0,0,0,0,0,0,0,0,0,0
1652884054,215824850,0,0,0,0,0,-15.173457145690918,1.8544777631759644,-179.43157958984375,0.9998210072517395,0.01212847139686346,-0.014523833990097046,2.3287233474889035e-08,1652884054,204807127,-58.27388085736064,9.95622421817697,52.07307087691454,-0.7110020394277492,0.7028429266862286,0.020345309077286086,-0.008429752758997034,1652884053,705244501,-14.95315170288086,-28.2205810546875,-183.35659790039062,0.9998446702957153,0.002728224266320467,-0.017410190775990486,-7.449918459911942e-09,1652884054,205277474,0,0,0,0,0,0,0,0,0,0,0,0,0,0,0,0,0,0,0,0,0,0,0,0,0,0,0,0,0,0,0,0,0,0,0,0,0,0,0,0,0,0,0,0,0,0,0,0,0,0,0,0,0,0,0,0,0,0,0,0,0,0,0,0
1652884054,415815268,0,0,0,0,0,-15.188343048095703,1.9608299732208252,-179.3902130126953,0.9998152852058411,0.012905953451991081,-0.014246968552470207,1.2102153057469422e-08,1652884054,404564336,-58.27388085736064,9.95622421817697,52.07307087691454,-0.7110020394277492,0.7028429266862286,0.020345309077286086,-0.008429752758997034,1652884053,705244501,-14.918010711669922,-28.30448341369629,-183.36752319335938,0.9998413324356079,0.0021010637283325195,-0.017688781023025513,2.0488709395749538e-08,1652884054,405037744,0,0,0,0,0,0,0,0,0,0,0,0,0,0,0,0,0,0,0,0,0,0,0,0,0,0,0,0,0,0,0,0,0,0,0,0,0,0,0,0,0,0,0,0,0,0,0,0,0,0,0,0,0,0,0,0,0,0,0,0,0,0,0,0
1652884054,615819639,0,0,0,0,0,-15.174149513244629,1.919060230255127,-179.4179229736328,0.9998162388801575,0.012644530273973942,-0.014412611722946167,-6.520456174996525e-09,1652884054,604001460,-58.27388085736064,9.95622421817697,52.07307087691454,-0.7110020394277492,0.7028429266862286,0.020345309077286086,-0.008429752758997034,1652884053,705244501,-14.91729736328125,-28.328245162963867,-183.3491973876953,0.9998424053192139,0.0018910766812041402,-0.017652451992034912,1.8625748055001168e-08,1652884054,604692054,0,0,0,0,0,0,0,0,0,0,0,0,0,0,0,0,0,0,0,0,0,0,0,0,0,0,0,0,0,0,0,0,0,0,0,0,0,0,0,0,0,0,0,0,0,0,0,0,0,0,0,0,0,0,0,0,0,0,0,0,0,0,0,0
1652884054,815831952,0,0,0,0,0,-15.122300148010254,1.762538194656372,-179.47265625,0.9998226761817932,0.011498749256134033,-0.01491779088973999,1.1177853309618513e-08,1652884054,803492484,-58.28507377985373,9.95610610644593,52.072879425577625,-0.7110066464939454,0.7028475913140447,0.020345371095092105,-0.008429739138607546,1652884054,707990422,-14.930534362792969,-28.3725643157959,-183.3472442626953,0.9998435974121094,0.0015896559925749898,-0.01761135645210743,7.450836392308702e-09,1652884054,803963407,0,0,0,0,0,0,0,0,0,0,0,0,0,0,0,0,0,0,0,0,0,0,0,0,0,0,0,0,0,0,0,0,0,0,0,0,0,0,0,0,0,0,0,0,0,0,0,0,0,0,0,0,0,0,0,0,0,0,0,0,0,0,0,0
1652884055,15834033,0,0,0,0,0,-15.154881477355957,1.8338696956634521,-179.44216918945312,0.9998214840888977,0.011979461647570133,-0.014611929655075073,7.451911088196539e-09,1652884055,3333049,-58.28507377985373,9.95610610644593,52.072879425577625,-0.7110066464939454,0.7028475913140447,0.020345371095092105,-0.008429739138607546,1652884054,707990422,-14.931056022644043,-28.269222259521484,-183.364013671875,0.999843955039978,0.0023740532342344522,-0.01750156469643116,7.44992378898246e-09,1652884055,3847007,0,0,0,0,0,0,0,0,0,0,0,0,0,0,0,0,0,0,0,0,0,0,0,0,0,0,0,0,0,0,0,0,0,0,0,0,0,0,0,0,0,0,0,0,0,0,0,0,0,0,0,0,0,0,0,0,0,0,0,0,0,0,0,0
1652884055,215815816,0,0,0,0,0,-15.129936218261719,1.8289403915405273,-179.45872497558594,0.9998194575309753,0.011943100951611996,-0.014784841798245907,1.8629815468074185e-09,1652884055,202824259,-58.28507377985373,9.95610610644593,52.072879425577625,-0.7110066464939454,0.7028475913140447,0.020345371095092105,-0.008429739138607546,1652884054,707990422,-14.939132690429688,-28.244918823242188,-183.3572235107422,0.999843955039978,0.002540231216698885,-0.017479034140706062,7.44992378898246e-09,1652884055,203296553,0,0,0,0,0,0,0,0,0,0,0,0,0,0,0,0,0,0,0,0,0,0,0,0,0,0,0,0,0,0,0,0,0,0,0,0,0,0,0,0,0,0,0,0,0,0,0,0,0,0,0,0,0,0,0,0,0,0,0,0,0,0,0,0
1652884055,415833284,0,0,0,0,0,-15.126957893371582,1.7988868951797485,-179.45458984375,0.9998217225074768,0.01174861192703247,-0.0147857079282403,2.328721748767748e-08,1652884055,402166353,-58.28507377985373,9.95610610644593,52.072879425577625,-0.7110066464939454,0.7028475913140447,0.020345371095092105,-0.008429739138607546,1652884054,707990422,-14.913806915283203,-28.286163330078125,-183.35394287109375,0.9998419284820557,0.002225995296612382,-0.0176390428096056,2.0490515950655208e-08,1652884055,402636430,0,0,0,0,0,0,0,0,0,0,0,0,0,0,0,0,0,0,0,0,0,0,0,0,0,0,0,0,0,0,0,0,0,0,0,0,0,0,0,0,0,0,0,0,0,0,0,0,0,0,0,0,0,0,0,0,0,0,0,0,0,0,0,0
1652884055,615832514,0,0,0,0,0,-15.154027938842773,1.7868231534957886,-179.45455932617188,0.9998247027397156,0.01167380902916193,-0.014639854431152344,6.520401107934504e-09,1652884055,601870992,-58.28507377985373,9.95610610644593,52.072879425577625,-0.7110066464939454,0.7028475913140447,0.020345371095092105,-0.008429739138607546,1652884054,707990422,-14.916227340698242,-28.294382095336914,-183.34054565429688,0.9998422861099243,0.0021815297659486532,-0.017623545601963997,-2.0488689855824305e-08,1652884055,602575259,0,0,0,0,0,0,0,0,0,0,0,0,0,0,0,0,0,0,0,0,0,0,0,0,0,0,0,0,0,0,0,0,0,0,0,0,0,0,0,0,0,0,0,0,0,0,0,0,0,0,0,0,0,0,0,0,0,0,0,0,0,0,0,0
1652884055,815830587,0,0,0,0,0,-15.136148452758789,1.8525429964065552,-179.42218017578125,0.999817430973053,0.012194753624498844,-0.014711499214172363,1.7691084153170777e-08,1652884055,806619780,-58.28507377985373,9.95610610644593,52.072879425577625,-0.7110066464939454,0.7028475913140447,0.020345371095092105,-0.008429739138607546,1652884055,709820323,-14.95402717590332,-28.26289176940918,-183.3415069580078,0.9998464584350586,0.0023870468139648438,-0.017359167337417603,9.312836724006957e-09,1652884055,807108312,0,0,0,0,0,0,0,0,0,0,0,0,0,0,0,0,0,0,0,0,0,0,0,0,0,0,0,0,0,0,0,0,0,0,0,0,0,0,0,0,0,0,0,0,0,0,0,0,0,0,0,0,0,0,0,0,0,0,0,0,0,0,0,0
1652884056,15808362,0,0,0,0,0,-15.120687484741211,1.7888473272323608,-179.4486083984375,0.99982088804245,0.011704088188707829,-0.01487776730209589,-2.4211448845790073e-08,1652884056,6289814,-58.28507377985373,9.95610610644593,52.072879425577625,-0.7110066464939454,0.7028475913140447,0.020345371095092105,-0.008429739138607546,1652884055,709820323,-14.955719947814941,-28.31970977783203,-183.34771728515625,0.9998471736907959,0.001978456974029541,-0.01736980676651001,-1.117575987308328e-08,1652884056,6887864,0,0,0,0,0,0,0,0,0,0,0,0,0,0,0,0,0,0,0,0,0,0,0,0,0,0,0,0,0,0,0,0,0,0,0,0,0,0,0,0,0,0,0,0,0,0,0,0,0,0,0,0,0,0,0,0,0,0,0,0,0,0,0,0
1652884056,215771320,-58.28507377985373,9.95610610644593,52.072879425577625,1652884056,212869512,-15.096232414245605,1.8543815612792969,-179.412841796875,0.9998142123222351,0.012181876227259636,-0.014942078851163387,2.980058333434954e-08,1652884056,206075601,-58.29686072148928,9.955981726411892,52.0726778137344,-0.7110068335567642,0.702847545768477,0.020331906570898284,-0.008416106445990867,1652884056,213861627,-14.952556610107422,-28.25042724609375,-183.355224609375,0.9998455047607422,0.00245481776073575,-0.01740068383514881,-2.6077422887738066e-08,1652884056,206699727,0,0,0,0,0,0,0,0,0,0,0,0,0,0,0,0,0,0,0,0,0,0,0,0,0,0,0,0,0,0,0,0,0,0,0,0,0,0,0,0,0,0,0,0,0,0,0,0,0,0,0,0,0,0,0,0,0,0,0,0,0,0,0,0
1652884056,415723356,-58.28507377985373,9.95610610644593,52.072879425577625,1652884056,212869512,-15.127418518066406,1.7820765972137451,-179.42799377441406,0.9998226761817932,0.011659324169158936,-0.014793812297284603,-1.1177853309618513e-08,1652884056,405829367,-58.29969255633047,10.009216271779508,52.03268635895985,-0.7112099116031501,0.702641005584276,0.020229095016265124,-0.00831418935140842,1652884056,406464100,-14.961847305297852,-28.311580657958984,-183.37374877929688,0.9998469352722168,0.002072930568829179,-0.017370106652379036,2.98032460932518e-08,1652884056,406569375,0,0,0,0,0,0,0,0,0,0,0,0,0,0,0,0,0,0,0,0,0,0,0,0,0,0,0,0,0,0,0,0,0,0,0,0,0,0,0,0,0,0,0,0,0,0,0,0,0,0,0,0,0,0,0,0,0,0,0,0,0,0,0,0
1652884056,615819566,-58.28507377985373,9.95610610644593,52.072879425577625,1652884056,212869512,-15.148500442504883,1.819567322731018,-179.42872619628906,0.9998226761817932,0.011883021332323551,-0.014609426259994507,1.3972316637023141e-08,1652884056,605370205,-58.327911312205764,10.021415164629616,52.03204968214783,-0.711217683914138,0.7026361057314021,0.02009020312077258,-0.008173593909746821,1652884056,606005445,-14.946783065795898,-28.350168228149414,-183.38499450683594,0.9998446702957153,0.0018128158990293741,-0.01752758026123047,-1.8629344733511743e-09,1652884056,605836587,-58.28507377985373,6.4191006445019525,52.072879425577625,1.0,0.0,0.0,0.0,1652884056,507500572,0,0,0,0,0,0,0,0,0,0,0,0,0,0,0,0,0,0,0,0,0,0,0,0,0,0,0,0,0,0,0,0,0,0,0,0,0,0,0,0,0,0,0,0,0,0,0,0,0,0,0,0,0,0,0
1652884056,815815383,-58.28507377985373,9.95610610644593,52.072879425577625,1652884056,622701295,-15.116532325744629,1.7912591695785522,-179.4613800048828,0.9998206496238708,0.011713206768035889,-0.014887988567352295,-1.955400641406868e-08,1652884056,804969207,-58.3433510218776,9.9872321824204,52.123038024132526,-0.7107504458066671,0.7031090986017741,0.02006034765690155,-0.00813837078140394,1652884056,805550710,-14.934441566467285,-28.31007957458496,-183.37722778320312,0.9998438358306885,0.002092480892315507,-0.017544658854603767,-1.862936027663409e-09,1652884056,805469673,-58.28507377985373,6.419391531436304,52.072879425577625,1.0,0.0,0.0,0.0,1652884056,707119136,0.9906,-49.120681197351495,-0.5254,0.0044,0.0042,-0.0,0.0001,0.0588,-12.566282217904439,-0.1336,0.002,0.002,0.0002,-0.0002,-0.3769,96.56308708172574,0.297,-0.0016,-0.0015,0.0004,-0.0004,0.0,0.5110972601933654,0.0017,0.0,0.0,0.0,0.0,0.0004,0.5296690324581546,0.0015,0.0,0.0,0.0,0.0,0.0058,-0.2077620997744073,-0.0015,0.0,0.0,0.0,-0.0,-0.0059,0.21598554814000928,0.0015,0.0,0.0,0.0,0.0,1652884056,709450800,-58.28507377985373,42.072879425577625,1652884056,753444948
1652884057,15820784,-58.28507377985373,9.95610610644593,52.072879425577625,1652884056,622701295,-15.098686218261719,1.9293007850646973,-179.38702392578125,0.9998106360435486,0.012709318660199642,-0.014741480350494385,9.31498966849631e-09,1652884057,4630290,-58.3187916362079,9.983997061670607,52.10762452977329,-0.7108316249939806,0.7030261553012553,0.020133634887667208,-0.008213445780807911,1652884057,5355430,-14.963433265686035,-28.24646759033203,-183.34542846679688,0.9998492002487183,0.0025420193560421467,-0.017177794128656387,-2.2351473560888735e-08,1652884057,5132503,-58.28507377985373,6.421250267838019,52.07012435164981,1.0,0.0,0.0,0.0,1652884056,908472058,0.9906,-38.630303910116325,-16.074546683919994,0.0044,0.0042,0.0,0.0001,0.0588,-12.9224860007389,0.39437575501881555,0.002,0.002,0.0002,-0.0002,-0.3769,81.83777883332252,22.123286286096448,-0.0016,-0.0015,0.0004,-0.0004,0.0,0.43359902494555513,0.11657017050182161,0.0,0.0,0.0,0.0,0.0004,0.4481713143170224,0.12229832203205901,0.0,0.0,0.0,0.0,0.0058,-0.16167152866330878,-0.06981680418436129,0.0,0.0,0.0,0.0,-0.0059,0.1684400101712865,0.07197339898262181,0.0,0.0,0.0,0.0,1652884056,910693355,-58.28507377985373,42.072879425577625,1652884056,753444948
1652884057,215813919,-58.28507377985373,9.95610610644593,52.072879425577625,1652884057,121941322,-15.089775085449219,2.496870756149292,-179.27967834472656,0.9998101592063904,0.013518868945538998,-0.014038621447980404,-7.45199546514641e-09,1652884057,203908830,-58.291912941192244,10.014029713036507,52.02431467662909,-0.711188918870545,0.7026659155226155,0.020084380580050496,-0.008167372521113169,1652884057,204852294,-14.95085620880127,-27.686052322387695,-183.28802490234375,0.999854564666748,0.0032807590905576944,-0.016731053590774536,2.2351354544980495e-08,1652884057,204373785,-58.28507377985373,6.424574109705475,51.17748039903708,1.0,0.0,0.0,0.0,1652884057,107708032,0.9906,-38.668756114545694,-5.747903865987283,0.0044,0.0042,0.0,0.0001,0.0588,-12.921371112775788,0.0949637980729427,0.002,0.002,0.0002,-0.0002,-0.3769,81.89041823590374,7.986559493122984,-0.0016,-0.0015,0.0004,-0.0004,0.0,0.43387652201605975,0.04204614326724754,0.0,0.0,0.0,0.0,0.0004,0.4484625440936779,0.04408626823440967,0.0,0.0,0.0,0.0,0.0058,-0.16183894035771698,-0.024857073075216736,0.0,0.0,0.0,0.0,-0.0059,0.16861257145353975,0.025630705436748745,0.0,0.0,0.0,0.0,1652884057,109903764,-58.28507377985373,42.072879425577625,1652884056,753444948
1652884057,415807905,-58.28507377985373,9.95610610644593,52.072879425577625,1652884057,121941322,-15.08082103729248,3.358670711517334,-179.2611541748047,0.9998192191123962,0.012920737266540527,-0.013952136971056461,2.328727433109634e-08,1652884057,403670605,-58.2735916166561,10.086521719747054,51.4173873358377,-0.7115237589688908,0.7023451617496935,0.01972216642352923,-0.00780399378061529,1652884057,404770178,-14.90748119354248,-26.698837280273438,-183.27743530273438,0.9998514652252197,0.0035370592959225178,-0.01686623878777027,-2.2353242812300778e-08,1652884057,404139803,-58.28507377985373,6.458206414870602,50.23800018965146,1.0,0.0,0.0,0.0,1652884057,307028669,0.9906,-38.76986585502872,-2.9235182137540567,0.0044,0.0042,0.0,0.0001,0.0588,-12.90690698632863,-0.3090751304642848,0.002,0.002,0.0002,-0.0002,-0.3769,82.00263275987476,4.85197433879592,-0.0016,-0.0015,0.0004,-0.0004,0.0,0.43448705198058596,0.024991682798566794,0.0,0.0,0.0,0.0,0.0004,0.4491084225099092,0.026044388953778752,0.0,0.0,0.0,0.0,0.0058,-0.162288178291133,-0.012308122128278429,0.0,0.0,0.0,0.0,-0.0059,0.16907417201649877,0.012736418488171976,0.0,0.0,0.0,0.0,1652884057,309107076,-58.28507377985373,42.072879425577625,1652884056,753444948
1652884057,615798502,-58.28507377985373,9.95610610644593,52.072879425577625,1652884057,121941322,-15.101804733276367,4.395448684692383,-179.2018280029297,0.9998157620429993,0.013548493385314941,-0.013600468635559082,2.7013332015712876e-08,1652884057,602782270,-58.23428257110217,10.122952719262628,50.517248751225026,-0.7115252976799192,0.7023449975583388,0.019623470974312284,-0.007704068029460923,1652884057,603540035,-14.92203426361084,-25.746206283569336,-183.27081298828125,0.999854564666748,0.003438234096392989,-0.016705185174942017,7.4498447411031066e-09,1652884057,603222466,-58.28507377985373,6.490418110052872,49.293009832410206,1.0,0.0,0.0,0.0,1652884057,507123041,0.9906,-38.804396025051325,-1.9105110584141833,0.0044,0.0042,0.0,0.0001,0.0588,-12.90308863278807,-0.4210936770186105,0.002,0.002,0.0002,-0.0002,-0.3769,82.02830490426585,4.098833941744035,-0.0016,-0.0015,0.0004,-0.0004,0.0,0.43470588599156124,0.018571777573525905,0.0,0.0,0.0,0.0,0.0004,0.44933971929926847,0.019258864802733817,0.0,0.0,0.0,0.0,0.0058,-0.1624432152234818,-0.007759823590842346,0.0,0.0,0.0,0.0,-0.0059,0.16923356555133867,0.008060310863968809,0.0,0.0,0.0,0.0,1652884057,509173371,-58.28507377985373,42.072879425577625,1652884056,753444948
1652884057,815793314,-58.28507377985373,9.95610610644593,52.072879425577625,1652884057,621906813,-15.055052757263184,5.137894630432129,-179.25465393066406,0.9998301267623901,0.011990668252110481,-0.013994128443300724,-7.444568961290088e-09,1652884057,802305210,-58.212107113573865,10.115013421485457,49.517182175761235,-0.7114292424015556,0.7024423355077489,0.019595158585663536,-0.007674379941912496,1652884057,803229515,-14.9536714553833,-24.747079849243164,-183.2420654296875,0.9998583793640137,0.0036902427673339844,-0.016417892649769783,-5.588726814664824e-09,1652884057,802810446,-58.28507377985373,6.4827488370731885,48.35261126504865,1.0,0.0,0.0,0.0,1652884057,707035117,0.9906,-38.79271766694028,-0.4785224897637068,0.0044,0.0042,0.0,0.0001,0.0588,-12.900412877022632,-0.09299518644553273,0.002,0.002,0.0002,-0.0002,-0.3769,82.00875645745494,1.7018229833614607,-0.0016,-0.0015,0.0004,-0.0004,0.0,0.434588475331752,0.004175000125376287,0.0,0.0,0.0,0.0,0.0004,0.44921802927251137,0.004337355667808436,0.0,0.0,0.0,0.0,0.0058,-0.16239466088308374,-0.0018061390277215829,0.0,0.0,0.0,0.0,-0.0059,0.16918311803860187,0.0018744874058229492,0.0,0.0,0.0,0.0,1652884057,709011173,-58.28507377985373,42.072879425577625,1652884056,753444948
1652884058,15804933,-58.28507377985373,9.95610610644593,52.072879425577625,1652884057,621906813,-15.097567558288574,5.717520713806152,-179.3364715576172,0.9998562335968018,0.009605766274034977,-0.013968946412205696,2.8875151159013512e-08,1652884058,1721409,-58.19942826750168,10.103862941128199,48.614786758836104,-0.7110051635156543,0.702873883081733,0.019556499749651967,-0.007630654738495399,1652884058,2760055,-14.918689727783203,-24.042367935180664,-183.2452392578125,0.9998571872711182,0.0022225382272154093,-0.016752153635025024,7.449825201177873e-09,1652884058,2208723,-58.28507377985373,6.47945974087969,47.40853926578334,1.0,0.0,0.0,0.0,1652884057,907052326,0.9906,-38.79138308638883,-0.09545673088529366,0.0044,0.0042,0.0,0.0001,0.0588,-12.900088775828472,3.184722374247051e-05,0.002,0.002,0.0002,-0.0002,-0.3769,82.0067709699716,1.1319268697686549,-0.0016,-0.0015,0.0004,-0.0004,0.0,0.4345753913528125,0.0004194948348377626,0.0,0.0,0.0,0.0,0.0004,0.44920445165569,0.00044016108799431117,0.0,0.0,0.0,0.0,0.0058,-0.16238915547637986,-0.00022591759060432972,0.0,0.0,0.0,0.0,-0.0059,0.16917740034496445,0.0002333330746931623,0.0,0.0,0.0,0.0,1652884057,909096716,-58.28507377985373,42.072879425577625,1652884056,753444948
1652884058,215828150,-58.28507377985373,9.95610610644593,52.072879425577625,1652884058,121873842,-15.097759246826172,5.701078414916992,-179.4768829345703,0.9998677968978882,0.007359386421740055,-0.014494628645479679,2.794337206069031e-09,1652884058,201512282,-58.21709420359671,10.0286064111246,48.211477117671606,-0.7092673308637083,0.7046284659916722,0.01961688824931726,-0.007673299483699018,1652884058,202654714,-14.942292213439941,-23.994775772094727,-183.29457092285156,0.9998551607131958,0.00046807530452497303,-0.017012538388371468,-7.450295491651104e-09,1652884058,202015415,-58.28507377985373,6.479677411495118,47.22578602857147,1.0,0.0,0.0,0.0,1652884058,107101583,0.9906,-38.79140186586596,-0.07968974170518368,0.0044,0.0042,0.0,0.0001,0.0588,-12.90022675219786,0.11587489804095516,0.002,0.002,0.0002,-0.0002,-0.3769,82.00480653688243,2.7812377132467576,-0.0016,-0.0015,0.0004,-0.0004,0.0,0.4345795381187632,-0.0030620724863639256,0.0,0.0,0.0,0.0,0.0004,0.44920864423270546,-0.003079868569315377,0.0,0.0,0.0,0.0,0.0058,-0.16238905012937882,-0.0003143654751800033,0.0,0.0,0.0,0.0,-0.0059,0.16917733789519984,0.0002857650330532898,0.0,0.0,0.0,0.0,1652884058,109232301,-58.28507377985373,42.072879425577625,1652884056,753444948
1652884058,415806010,-58.28507377985373,9.95610610644593,52.072879425577625,1652884058,121873842,-15.11295223236084,5.7190680503845215,-179.48277282714844,0.9998680353164673,0.00746083352714777,-0.014428616501390934,8.383008953671833e-09,1652884058,406164110,-58.226978449063864,9.888440489093625,48.19925901421419,-0.707773618838318,0.706112509840567,0.019931666404682243,-0.00797644132617725,1652884058,407464707,-14.947911262512207,-23.9384765625,-183.28663635253906,0.9998562335968018,0.0008599759312346578,-0.016933772712945938,-1.6763943122555247e-08,1652884058,406665812,-58.28507377985373,6.469746673343849,47.22578602857147,1.0,0.0,0.0,0.0,1652884058,307065564,0.9906,-11.783590019061595,-0.07968974170518368,0.0044,0.0042,0.0,0.0001,0.0588,5.0526108742346665,0.11587489804095516,0.002,0.002,0.0002,-0.0002,-0.3769,33.89169237002609,2.7812377132467576,-0.0016,-0.0015,0.0004,-0.0004,0.0,0.007369161298054205,-0.0030620724863639256,0.0,0.0,0.0,0.0,0.0004,0.012123204595087311,-0.003079868569315377,0.0,0.0,0.0,0.0,0.0058,-0.07100574900573715,-0.0003143654751800033,0.0,0.0,0.0,0.0,-0.0059,0.07203215796078068,0.0002857650330532898,0.0,0.0,0.0,0.0,1652884058,309217151,-58.28507377985373,42.072879425577625,1652884056,753444948
1652884058,615843900,-58.28507377985373,9.95610610644593,52.072879425577625,1652884058,121873842,-15.089469909667969,5.881734848022461,-179.4176025390625,0.9998588562011719,0.008660079911351204,-0.014392109587788582,5.588724150129565e-09,1652884058,606005225,-58.23188371399317,9.883715555104772,48.19768501774715,-0.7077428602686144,0.706142951510467,0.01994172212509037,-0.007986303758402452,1652884058,607408105,-14.93709945678711,-23.945903778076172,-183.29782104492188,0.9998551607131958,0.000821530818939209,-0.017000854015350342,1.862460075052752e-09,1652884058,606441521,-58.28507377985373,6.446478221876646,47.22578602857147,1.0,0.0,0.0,0.0,1652884058,507338402,0.9906,-3.92422582545277,-0.07968974170518368,0.0044,0.0042,0.0,0.0001,0.0588,3.175031270783577,0.11587489804095516,0.002,0.002,0.0002,-0.0002,-0.3769,11.578555587754767,2.7812377132467576,-0.0016,-0.0015,0.0004,-0.0004,0.0,-0.011213701644972169,-0.0030620724863639256,0.0,0.0,0.0,0.0,0.0004,-0.009404646933212534,-0.003079868569315377,0.0,0.0,0.0,0.0,0.0058,-0.02917816021677501,-0.0003143654751800033,0.0,0.0,0.0,0.0,-0.0059,0.029448483556310474,0.0002857650330532898,0.0,0.0,0.0,0.0,1652884058,509429256,-58.28507377985373,42.072879425577625,1652884056,753444948
1652884058,815813495,-58.28507377985373,9.95610610644593,52.072879425577625,1652884058,621909449,-15.105496406555176,5.846896171569824,-179.44068908691406,0.9998621940612793,0.008398294448852539,-0.014320045709609985,8.383057803484917e-09,1652884058,805930464,-58.22256127103473,9.942732370512829,48.054744350934996,-0.7084836560355732,0.7054029415214129,0.01987694198390594,-0.007928497610947664,1652884058,807257337,-14.929998397827148,-23.987430572509766,-183.30174255371094,0.9998544454574585,0.0004922152147628367,-0.017049580812454224,2.7939650593111764e-08,1652884058,806368644,-58.28507377985373,6.44830785349626,47.22578602857147,1.0,0.0,0.0,0.0,1652884058,707589361,0.9906,-0.8169226793924342,-0.07968974170518368,0.0044,0.0042,0.0,0.0001,0.0588,14.9112087896983,0.11587489804095516,0.002,0.002,0.0002,-0.0002,-0.3769,-37.001017470766385,2.7812377132467576,-0.0016,-0.0015,0.0004,-0.0004,0.0,-0.20514235945300222,-0.0030620724863639256,0.0,0.0,0.0,0.0,0.0004,-0.20354389829631656,-0.003079868569315377,0.0,0.0,0.0,0.0,0.0058,-0.018270932158601177,-0.0003143654751800033,0.0,0.0,0.0,0.0,-0.0059,0.016360496341902078,0.0002857650330532898,0.0,0.0,0.0,0.0,1652884058,710014761,-58.28507377985373,42.072879425577625,1652884056,753444948
1652884059,15809833,-58.28507377985373,9.95610610644593,52.072879425577625,1652884058,621909449,-15.074567794799805,5.769747734069824,-179.44229125976562,0.9998624324798584,0.007863282226026058,-0.014605194330215454,7.451605554820162e-09,1652884059,124523,-58.21642188483807,9.923603544044255,48.07717938274496,-0.7083855732607873,0.7054996468707675,0.01987661142647419,-0.00792715515114596,1652884059,1689095,-14.92995834350586,-24.001720428466797,-183.2791748046875,0.9998548030853271,0.00036817791988141835,-0.017037570476531982,-2.6076952153175625e-08,1652884059,712794,-58.28507377985373,6.448208657549344,47.22578602857147,1.0,0.0,0.0,0.0,1652884058,907604446,0.9906,-93.45804970130565,-0.07968974170518368,0.0044,0.0042,0.0,0.0001,0.0588,-120.24727675177454,0.11587489804095516,0.002,0.002,0.0002,-0.0002,-0.3769,237.93147389722617,2.7812377132467576,-0.0016,-0.0015,0.0004,-0.0004,0.0,1.2905960691174365,-0.0030620724863639256,0.0,0.0,0.0,0.0,0.0004,1.3119249114573155,-0.003079868569315377,0.0,0.0,0.0,0.0,0.0058,0.2676087978182504,-0.0003143654751800033,0.0,0.0,0.0,0.0,-0.0059,-0.25709181664841146,0.0002857650330532898,0.0,0.0,0.0,0.0,1652884058,909695636,-58.28507377985373,42.072879425577625,1652884056,753444948
1652884059,215808849,-58.28507377985373,9.95610610644593,52.072879425577625,1652884059,121881881,-15.055522918701172,5.708535671234131,-179.46742248535156,0.9998641014099121,0.007381081581115723,-0.014741688966751099,8.383041816273362e-09,1652884059,199787183,-58.19360441116799,9.914267666450854,48.18800153610498,-0.7078224017532627,0.7060610166426026,0.020041507599329166,-0.008088212743353007,1652884059,201142687,-14.922257423400879,-24.001304626464844,-183.2728271484375,0.9998539686203003,0.00038629776099696755,-0.01707989163696766,-1.8626442610525373e-08,1652884059,200175799,-58.28507377985373,6.4505652861747365,47.22578602857147,1.0,0.0,0.0,0.0,1652884059,107080436,0.9906,-32.807637101506465,-0.07968974170518368,0.0044,0.0042,0.0,0.0001,0.0588,-47.61912379576701,0.11587489804095516,0.002,0.002,0.0002,-0.0002,-0.3769,92.35419006557612,2.7812377132467576,-0.0016,-0.0015,0.0004,-0.0004,0.0,0.4973263596304327,-0.0030620724863639256,0.0,0.0,0.0,0.0,0.0004,0.5054847943951112,-0.003079868569315377,0.0,0.0,0.0,0.0,0.0058,0.10613497314928055,-0.0003143654751800033,0.0,0.0,0.0,0.0,-0.0059,-0.10211924574240877,0.0002857650330532898,0.0,0.0,0.0,0.0,1652884059,109140819,-58.28507377985373,42.072879425577625,1652884056,753444948
1652884059,415817554,-58.28507377985373,9.95610610644593,52.072879425577625,1652884059,121881881,-15.081034660339355,5.72609281539917,-179.44967651367188,0.9998661279678345,0.007521153427660465,-0.014531225897371769,-1.304026131521141e-08,1652884059,399873369,-58.19734724341453,9.886497580338187,48.23540658796536,-0.7075605677598155,0.7063214557716068,0.020041405074804012,-0.008085361761290568,1652884059,401495224,-14.905409812927246,-23.91985321044922,-183.24827575683594,0.9998537302017212,0.0009406804456375539,-0.017076879739761353,1.862644793959589e-08,1652884059,400340571,-58.28507377985373,6.459624250531505,47.22578602857147,1.0,0.0,0.0,0.0,1652884059,307078407,0.9906,-9.595288085375415,-0.07968974170518368,0.0044,0.0042,0.0,0.0001,0.0588,-19.222395776900616,0.11587489804095516,0.002,0.002,0.0002,-0.0002,-0.3769,41.10077325012757,2.7812377132467576,-0.0016,-0.0015,0.0004,-0.0004,0.0,0.21960792392678813,-0.0030620724863639256,0.0,0.0,0.0,0.0,0.0004,0.22199164110838143,-0.003079868569315377,0.0,0.0,0.0,0.0,0.0058,0.049214157147242865,-0.0003143654751800033,0.0,0.0,0.0,0.0,-0.0059,-0.04748733262806232,0.0002857650330532898,0.0,0.0,0.0,0.0,1652884059,309260542,-58.28507377985373,42.072879425577625,1652884056,753444948
1652884059,615810828,-58.28507377985373,9.95610610644593,52.072879425577625,1652884059,121881881,-15.095658302307129,5.732651710510254,-179.42567443847656,0.9998687505722046,0.007532894611358643,-0.014345704577863216,-9.314447879660293e-09,1652884059,599644508,-58.21377029240013,9.898181849126274,48.210706429055776,-0.7076863849838039,0.7062002942641865,0.02000093026914031,-0.008045656373077878,1652884059,601309153,-14.928016662597656,-24.027393341064453,-183.2510986328125,0.9998550415039062,0.00011879205703735352,-0.01702401228249073,5.587949658547586e-09,1652884059,600033784,-58.28507377985373,6.464353512207964,47.22578602857147,1.0,0.0,0.0,0.0,1652884059,507113464,0.9906,-5.836039554985053,-0.07968974170518368,0.0044,0.0042,0.0,0.0001,0.0588,-6.710304717442986,0.11587489804095516,0.002,0.002,0.0002,-0.0002,-0.3769,17.83855709647902,2.7812377132467576,-0.0016,-0.0015,0.0004,-0.0004,0.0,0.09366089434671479,-0.0030620724863639256,0.0,0.0,0.0,0.0,0.0004,0.09467782350988949,-0.003079868569315377,0.0,0.0,0.0,0.0,0.0058,0.012873368143785154,-0.0003143654751800033,0.0,0.0,0.0,0.0,-0.0059,-0.01203553749927895,0.0002857650330532898,0.0,0.0,0.0,0.0,1652884059,509266690,-58.28507377985373,42.072879425577625,1652884056,753444948
1652884059,815807480,-58.28507377985373,9.95610610644593,52.072879425577625,1652884059,623616174,-15.152504920959473,5.942214012145996,-179.33580017089844,0.9998645782470703,0.00904309842735529,-0.013746351934969425,6.5201408716575315e-09,1652884059,799467832,-58.23913951660406,9.933673081204518,48.13115892200014,-0.7080853540281925,0.7058080277762803,0.01978137771628213,-0.00782747113671809,1652884059,801293920,-14.939766883850098,-24.012435913085938,-183.24661254882812,0.9998571872711182,0.0002337694459129125,-0.016894372180104256,-2.0489066443474258e-08,1652884059,799935743,-58.28507377985373,6.474071149220379,47.22578602857147,1.0,0.0,0.0,0.0,1652884059,707098788,0.9906,-2.982418426993322,-0.07968974170518368,0.0044,0.0042,0.0,0.0001,0.0588,-0.4352470781486444,0.11587489804095516,0.002,0.002,0.0002,-0.0002,-0.3769,2.809301720482212,2.7812377132467576,-0.0016,-0.0015,0.0004,-0.0004,0.0,0.017083071180469603,-0.0030620724863639256,0.0,0.0,0.0,0.0,0.0004,0.01783421672226125,-0.003079868569315377,0.0,0.0,0.0,0.0,0.0058,-0.005182583501771719,-0.0003143654751800033,0.0,0.0,0.0,0.0,-0.0059,0.005436969789541245,0.0002857650330532898,0.0,0.0,0.0,0.0,1652884059,709244418,-58.28507377985373,42.072879425577625,1652884056,753444948
1652884060,15823930,-58.28507377985373,9.95610610644593,52.072879425577625,1652884059,623616174,-15.13206672668457,5.819823741912842,-179.3882598876953,0.9998680353164673,0.008110524155199528,-0.014071227982640266,1.5830934785299178e-08,1652884059,999352072,-58.25697838203923,9.992775261376693,48.030935426669146,-0.7085737088110986,0.7053245702651457,0.019600286298221883,-0.007649161485500666,1652884060,1176339,-14.930133819580078,-24.03463363647461,-183.25978088378906,0.9998559951782227,0.00012463332677725703,-0.016969384625554085,-3.725258324038805e-09,1652884059,999790654,-58.28507377985373,6.479825975987126,47.22578602857147,1.0,0.0,0.0,0.0,1652884059,907080881,0.9906,-4.989125974730996,-0.07968974170518368,0.0044,0.0042,0.0,0.0001,0.0588,7.475056176286674,0.11587489804095516,0.002,0.002,0.0002,-0.0002,-0.3769,-13.257158048718894,2.7812377132467576,-0.0016,-0.0015,0.0004,-0.0004,0.0,-0.06883919034830378,-0.0030620724863639256,0.0,0.0,0.0,0.0,0.0004,-0.06751130552578251,-0.003079868569315377,0.0,0.0,0.0,0.0,0.0058,-0.03727011234517291,-0.0003143654751800033,0.0,0.0,0.0,0.0,-0.0059,0.037031312254999504,0.0002857650330532898,0.0,0.0,0.0,0.0,1652884059,909164176,-58.28507377985373,42.072879425577625,1652884056,753444948
1652884060,215811237,-58.28507377985373,9.95610610644593,52.072879425577625,1652884060,121883988,-15.109854698181152,5.821562767028809,-179.43246459960938,0.9998636245727539,0.008187651634216309,-0.014344005845487118,8.37940739017995e-09,1652884060,198684402,-58.24276275903266,9.968010730400408,48.09394098007007,-0.7082613788905361,0.705630418341431,0.019756301030460804,-0.007803936114337459,1652884060,200411844,-14.898306846618652,-24.032983779907227,-183.2707977294922,0.9998513460159302,0.00016641619731672108,-0.017239095643162727,-1.3038521373687217e-08,1652884060,199095937,-58.28507377985373,6.473867081213257,47.22578602857147,1.0,0.0,0.0,0.0,1652884060,107109688,0.9906,-2.2364156136883206,-0.07968974170518368,0.0044,0.0042,0.0,0.0001,0.0588,1.4924714534092534,0.11587489804095516,0.002,0.002,0.0002,-0.0002,-0.3769,-1.7176072193153509,2.7812377132467576,-0.0016,-0.0015,0.0004,-0.0004,0.0,-0.011554987361419536,-0.0030620724863639256,0.0,0.0,0.0,0.0,0.0004,-0.010962829736709277,-0.003079868569315377,0.0,0.0,0.0,0.0,0.0058,-0.015620555954946682,-0.0003143654751800033,0.0,0.0,0.0,0.0,-0.0059,0.0157027064417992,0.0002857650330532898,0.0,0.0,0.0,0.0,1652884060,109239454,-58.28507377985373,42.072879425577625,1652884056,753444948
1652884060,415815548,-58.28507377985373,9.95610610644593,52.072879425577625,1652884060,121883988,-15.154462814331055,5.821106910705566,-179.4537811279297,0.9998670816421509,0.00824678037315607,-0.014059396460652351,2.235107388059987e-08,1652884060,403347113,-58.23494787906131,9.910162233326446,48.13672054764881,-0.7080570554459606,0.7058308850998891,0.019884868069693987,-0.007932024271045281,1652884060,405256722,-14.886735916137695,-24.028942108154297,-183.27041625976562,0.9998494386672974,0.0001478195481467992,-0.017347190529108047,1.862698217891534e-09,1652884060,403784269,-58.28507377985373,6.465967836063726,47.22578602857147,1.0,0.0,0.0,0.0,1652884060,307117158,0.9906,-2.494017085432918,-0.07968974170518368,0.0044,0.0042,0.0,0.0001,0.0588,6.637076036700127,0.11587489804095516,0.002,0.002,0.0002,-0.0002,-0.3769,-9.295658888178085,2.7812377132467576,-0.0016,-0.0015,0.0004,-0.0004,0.0,-0.046448457048256425,-0.0030620724863639256,0.0,0.0,0.0,0.0,0.0004,-0.0455770360271674,-0.003079868569315377,0.0,0.0,0.0,0.0,0.0058,-0.026973296191439435,-0.0003143654751800033,0.0,0.0,0.0,0.0,-0.0059,0.02683463375075737,0.0002857650330532898,0.0,0.0,0.0,0.0,1652884060,309183701,-58.28507377985373,42.072879425577625,1652884056,753444948
1652884060,615820735,-58.28507377985373,9.95610610644593,52.072879425577625,1652884060,121883988,-15.111966133117676,5.736337184906006,-179.47576904296875,0.9998666048049927,0.007632911205291748,-0.014440597034990788,2.5145425297523616e-08,1652884060,602802784,-58.27571971301032,9.909731994316985,48.136023158551026,-0.7080626869112497,0.7058290512584735,0.019686343836241006,-0.007731026949683703,1652884060,604882679,-14.8754301071167,-24.06561279296875,-183.2673797607422,0.9998486042022705,-0.0001392364501953125,-0.017395049333572388,1.8626428399670658e-08,1652884060,603240073,-58.28507377985373,6.455343939592723,47.22578602857147,1.0,0.0,0.0,0.0,1652884060,507899098,0.9906,-0.6441577480554197,-0.07968974170518368,0.0044,0.0042,0.0,0.0001,0.0588,3.0419570381262755,0.11587489804095516,0.002,0.002,0.0002,-0.0002,-0.3769,-3.514841471980999,2.7812377132467576,-0.0016,-0.0015,0.0004,-0.0004,0.0,-0.016176650895787972,-0.0030620724863639256,0.0,0.0,0.0,0.0,0.0004,-0.015977467522388204,-0.003079868569315377,0.0,0.0,0.0,0.0,0.0058,-0.00624242841843288,-0.0003143654751800033,0.0,0.0,0.0,0.0,-0.0059,0.006152352326772834,0.0002857650330532898,0.0,0.0,0.0,0.0,1652884060,510110065,-58.28507377985373,42.072879425577625,1652884056,753444948
1652884060,815824906,-58.28507377985373,9.95610610644593,52.072879425577625,1652884060,621886450,-15.102010726928711,5.8403425216674805,-179.4317626953125,0.9998612403869629,0.008378744125366211,-0.01439511775970459,-2.887136751894559e-08,1652884060,801969952,-58.25357710939308,9.931342522811747,48.08485265336601,-0.7083509987027631,0.7055432428005791,0.019724350204122058,-0.007772500848633914,1652884060,803930850,-14.874320030212402,-24.112958908081055,-183.29434204101562,0.9998469352722168,-0.0004409551911521703,-0.01749032735824585,7.45081152331295e-09,1652884060,802381850,-58.28507377985373,6.464137208604285,47.22578602857147,1.0,0.0,0.0,0.0,1652884060,707470001,0.9906,-3.1595324613295896,-0.07968974170518368,0.0044,0.0042,0.0,0.0001,0.0588,1.3889093633292202,0.11587489804095516,0.002,0.002,0.0002,-0.0002,-0.3769,-2.917419188160041,2.7812377132467576,-0.0016,-0.0015,0.0004,-0.0004,0.0,-0.013849586002801785,-0.0030620724863639256,0.0,0.0,0.0,0.0,0.0004,-0.013608784351476381,-0.003079868569315377,0.0,0.0,0.0,0.0,0.0058,-0.012530194671704527,-0.0003143654751800033,0.0,0.0,0.0,0.0,-0.0059,0.012543023353708275,0.0002857650330532898,0.0,0.0,0.0,0.0,1652884060,709590262,-58.28507377985373,42.072879425577625,1652884056,753444948
1652884061,15789527,-58.28507377985373,9.95610610644593,52.072879425577625,1652884060,621886450,-15.157572746276855,5.827549457550049,-179.4227294921875,0.9998674392700195,0.00822675321251154,-0.01404738612473011,-1.8625282649509245e-08,1652884061,1508498,-58.23711691672249,9.933572781618835,48.09338765232806,-0.7082869573255329,0.7056022257535818,0.01984527995508239,-0.007894320925859207,1652884061,3422339,-14.854246139526367,-24.041284561157227,-183.27731323242188,0.9998465776443481,3.147125607938506e-05,-0.017515508458018303,2.4214378058218244e-08,1652884061,1950707,-58.28507377985373,6.467104805598467,47.22578602857147,1.0,0.0,0.0,0.0,1652884060,907116992,0.9906,7.332320337123921,-0.07968974170518368,0.0044,0.0042,0.0,0.0001,0.0588,5.365283120769831,0.11587489804095516,0.002,0.002,0.0002,-0.0002,-0.3769,-9.150784093030468,2.7812377132467576,-0.0016,-0.0015,0.0004,-0.0004,0.0,-0.04389762710998253,-0.0030620724863639256,0.0,0.0,0.0,0.0,0.0004,-0.044465197453336984,-0.003079868569315377,0.0,0.0,0.0,0.0,0.0058,0.02729479551869523,-0.0003143654751800033,0.0,0.0,0.0,0.0,-0.0059,-0.028104312997588792,0.0002857650330532898,0.0,0.0,0.0,0.0,1652884060,909142713,-58.28507377985373,42.072879425577625,1652884056,753444948
1652884061,215812098,-58.28507377985373,9.95610610644593,52.072879425577625,1652884061,122843157,-15.190934181213379,5.706664562225342,-179.4527130126953,0.9998761415481567,0.007386566139757633,-0.013892562128603458,-1.2108692715173675e-08,1652884061,201102370,-58.28291532345193,9.928300321307745,48.12700042416476,-0.7080876640383911,0.7058064756995079,0.019645991128870416,-0.007690367597994546,1652884061,205162520,-14.906193733215332,-23.966875076293945,-183.2850799560547,0.9998530149459839,0.0005807876586914062,-0.017134282737970352,-1.8626460374093767e-08,1652884061,201568756,-58.28507377985373,6.467104805598467,47.22578602857147,1.0,0.0,0.0,0.0,1652884060,907116992,0.9906,7.332320337123921,-0.07968974170518368,0.0044,0.0042,0.0,0.0001,0.0588,5.365283120769831,0.11587489804095516,0.002,0.002,0.0002,-0.0002,-0.3769,-9.150784093030468,2.7812377132467576,-0.0016,-0.0015,0.0004,-0.0004,0.0,-0.04389762710998253,-0.0030620724863639256,0.0,0.0,0.0,0.0,0.0004,-0.044465197453336984,-0.003079868569315377,0.0,0.0,0.0,0.0,0.0058,0.02729479551869523,-0.0003143654751800033,0.0,0.0,0.0,0.0,-0.0059,-0.028104312997588792,0.0002857650330532898,0.0,0.0,0.0,0.0,1652884060,909142713,-58.28507377985373,42.072879425577625,1652884056,753444948
1652884061,415807744,-58.28507377985373,9.95610610644593,52.072879425577625,1652884061,122843157,-15.1692476272583,5.843868732452393,-179.4176788330078,0.9998682737350464,0.008373023942112923,-0.013899596408009529,-1.4899485201169682e-08,1652884061,400661320,-58.30017975980884,9.917316807201814,48.20997675666318,-0.7076792187570857,0.706220847565222,0.01957263084589596,-0.007611734364073992,1652884061,403008504,-14.910721778869629,-23.91836929321289,-183.28720092773438,0.9998533725738525,0.0010069608688354492,-0.017093300819396973,1.6763536336839024e-08,1652884061,401128024,-58.28507377985373,6.467104805598467,47.22578602857147,1.0,0.0,0.0,0.0,1652884060,907116992,0.9906,7.332320337123921,-0.07968974170518368,0.0044,0.0042,0.0,0.0001,0.0588,5.365283120769831,0.11587489804095516,0.002,0.002,0.0002,-0.0002,-0.3769,-9.150784093030468,2.7812377132467576,-0.0016,-0.0015,0.0004,-0.0004,0.0,-0.04389762710998253,-0.0030620724863639256,0.0,0.0,0.0,0.0,0.0004,-0.044465197453336984,-0.003079868569315377,0.0,0.0,0.0,0.0,0.0058,0.02729479551869523,-0.0003143654751800033,0.0,0.0,0.0,0.0,-0.0059,-0.028104312997588792,0.0002857650330532898,0.0,0.0,0.0,0.0,1652884060,909142713,-58.28507377985373,42.072879425577625,1652884056,753444948
1652884061,615828656,-58.28507377985373,9.95610610644593,52.072879425577625,1652884061,122843157,-15.162898063659668,5.912709712982178,-179.37753295898438,0.9998641014099121,0.008890868164598942,-0.0138836819678545,-1.0245940984532353e-08,1652884061,600129184,-58.29031523379801,9.917098192540436,48.14404977007186,-0.70800645534919,0.7058905845093367,0.019641062752798543,-0.007684499743920456,1652884061,602393124,-14.899426460266113,-23.954286575317383,-183.2438507080078,0.999853253364563,0.0006501675234176219,-0.01711610145866871,-2.7939684343891713e-08,1652884061,600610493,-58.28507377985373,6.467104805598467,47.22578602857147,1.0,0.0,0.0,0.0,1652884060,907116992,0.9906,7.332320337123921,-0.07968974170518368,0.0044,0.0042,0.0,0.0001,0.0588,5.365283120769831,0.11587489804095516,0.002,0.002,0.0002,-0.0002,-0.3769,-9.150784093030468,2.7812377132467576,-0.0016,-0.0015,0.0004,-0.0004,0.0,-0.04389762710998253,-0.0030620724863639256,0.0,0.0,0.0,0.0,0.0004,-0.044465197453336984,-0.003079868569315377,0.0,0.0,0.0,0.0,0.0058,0.02729479551869523,-0.0003143654751800033,0.0,0.0,0.0,0.0,-0.0059,-0.028104312997588792,0.0002857650330532898,0.0,0.0,0.0,0.0,1652884060,909142713,-58.28507377985373,42.072879425577625,1652884056,753444948
1652884061,815799167,-58.28507377985373,9.95610610644593,52.072879425577625,1652884061,624840656,-15.110905647277832,5.8344526290893555,-179.38165283203125,0.9998645782470703,0.008356095291674137,-0.014175177551805973,-1.862897391902152e-09,1652884061,799335394,-58.27677328388428,9.967546639946448,48.05320660741599,-0.7085173691737323,0.7053778081236304,0.019654623054937953,-0.0077036225340323455,1652884061,801782870,-14.925223350524902,-24.005889892578125,-183.2600555419922,0.9998549222946167,0.0003126859664916992,-0.017028184607625008,1.676396443883732e-08,1652884061,799800208,-58.28507377985373,6.467104805598467,47.22578602857147,1.0,0.0,0.0,0.0,1652884060,907116992,0.9906,7.332320337123921,-0.07968974170518368,0.0044,0.0042,0.0,0.0001,0.0588,5.365283120769831,0.11587489804095516,0.002,0.002,0.0002,-0.0002,-0.3769,-9.150784093030468,2.7812377132467576,-0.0016,-0.0015,0.0004,-0.0004,0.0,-0.04389762710998253,-0.0030620724863639256,0.0,0.0,0.0,0.0,0.0004,-0.044465197453336984,-0.003079868569315377,0.0,0.0,0.0,0.0,0.0058,0.02729479551869523,-0.0003143654751800033,0.0,0.0,0.0,0.0,-0.0059,-0.028104312997588792,0.0002857650330532898,0.0,0.0,0.0,0.0,1652884060,909142713,-58.28507377985373,42.072879425577625,1652884056,753444948
1652884062,15808921,-58.28507377985373,9.95610610644593,52.072879425577625,1652884061,624840656,-15.134254455566406,5.691287517547607,-179.43325805664062,0.9998729228973389,0.007260681129992008,-0.014188172295689583,-6.52008669277393e-09,1652884061,998636696,-58.23763702646983,9.963464410938002,48.08248988096041,-0.7083622115252716,0.7055305388438099,0.019736134875831642,-0.007784559344894344,1652884062,1138703,-14.922931671142578,-23.976449966430664,-183.26211547851562,0.9998546838760376,0.0005338191986083984,-0.01703655906021595,-1.3038591539782374e-08,1652884061,999072412,-58.28507377985373,6.467104805598467,47.22578602857147,1.0,0.0,0.0,0.0,1652884060,907116992,0.9906,7.332320337123921,-0.07968974170518368,0.0044,0.0042,0.0,0.0001,0.0588,5.365283120769831,0.11587489804095516,0.002,0.002,0.0002,-0.0002,-0.3769,-9.150784093030468,2.7812377132467576,-0.0016,-0.0015,0.0004,-0.0004,0.0,-0.04389762710998253,-0.0030620724863639256,0.0,0.0,0.0,0.0,0.0004,-0.044465197453336984,-0.003079868569315377,0.0,0.0,0.0,0.0,0.0058,0.02729479551869523,-0.0003143654751800033,0.0,0.0,0.0,0.0,-0.0059,-0.028104312997588792,0.0002857650330532898,0.0,0.0,0.0,0.0,1652884060,909142713,-58.28507377985373,42.072879425577625,1652884056,753444948
1652884062,215811950,-58.28507377985373,9.95610610644593,52.072879425577625,1652884062,121920098,-15.136929512023926,5.651768684387207,-179.45166015625,0.9998749494552612,0.006910444237291813,-0.014225334860384464,-6.520073370097634e-09,1652884062,203229825,-58.26187277859123,9.929114386022718,48.22842515591499,-0.7075839944421543,0.7063096302261394,0.01977384253055087,-0.007814547780985405,1652884062,205731228,-14.924263000488281,-23.987112045288086,-183.25794982910156,0.9998549222946167,0.0004285574541427195,-0.01702454872429371,-1.1175900205273592e-08,1652884062,203696792,-58.28507377985373,6.467104805598467,47.22578602857147,1.0,0.0,0.0,0.0,1652884060,907116992,0.9906,7.332320337123921,-0.07968974170518368,0.0044,0.0042,0.0,0.0001,0.0588,5.365283120769831,0.11587489804095516,0.002,0.002,0.0002,-0.0002,-0.3769,-9.150784093030468,2.7812377132467576,-0.0016,-0.0015,0.0004,-0.0004,0.0,-0.04389762710998253,-0.0030620724863639256,0.0,0.0,0.0,0.0,0.0004,-0.044465197453336984,-0.003079868569315377,0.0,0.0,0.0,0.0,0.0058,0.02729479551869523,-0.0003143654751800033,0.0,0.0,0.0,0.0,-0.0059,-0.028104312997588792,0.0002857650330532898,0.0,0.0,0.0,0.0,1652884060,909142713,-58.28507377985373,42.072879425577625,1652884056,753444948
1652884062,415772155,-58.28507377985373,9.95610610644593,52.072879425577625,1652884062,121920098,-15.108234405517578,5.676642894744873,-179.45095825195312,0.9998711347579956,0.007153571117669344,-0.014370741322636604,1.9556656738473066e-08,1652884062,402382762,-58.26422303588992,9.912334734153035,48.24925694991276,-0.7074582030735203,0.706436276818065,0.019767503380041296,-0.007806804738542108,1652884062,404986115,-14.899970054626465,-24.011558532714844,-183.26084899902344,0.9998514652252197,0.00024479630519635975,-0.017228547483682632,-1.1175939285124059e-08,1652884062,402846643,-58.28507377985373,6.467104805598467,47.22578602857147,1.0,0.0,0.0,0.0,1652884060,907116992,0.9906,7.332320337123921,-0.07968974170518368,0.0044,0.0042,0.0,0.0001,0.0588,5.365283120769831,0.11587489804095516,0.002,0.002,0.0002,-0.0002,-0.3769,-9.150784093030468,2.7812377132467576,-0.0016,-0.0015,0.0004,-0.0004,0.0,-0.04389762710998253,-0.0030620724863639256,0.0,0.0,0.0,0.0,0.0004,-0.044465197453336984,-0.003079868569315377,0.0,0.0,0.0,0.0,0.0058,0.02729479551869523,-0.0003143654751800033,0.0,0.0,0.0,0.0,-0.0059,-0.028104312997588792,0.0002857650330532898,0.0,0.0,0.0,0.0,1652884060,909142713,-58.28507377985373,42.072879425577625,1652884056,753444948
